,mean_fit_time,std_fit_time,mean_score_time,std_score_time,param_criterion,param_n_estimators,params,split0_test_score,mean_test_score,std_test_score,rank_test_score
0,0.48645949363708496,0.0,0.024806976318359375,0.0,gini,10,"{'criterion': 'gini', 'n_estimators': 10}",0.8767147225862822,0.8767147225862822,0.0,7
1,4.345163583755493,0.0,0.15035223960876465,0.0,gini,100,"{'criterion': 'gini', 'n_estimators': 100}",0.8900873138161274,0.8900873138161274,0.0,4
2,21.934396505355835,0.0,0.7348442077636719,0.0,gini,500,"{'criterion': 'gini', 'n_estimators': 500}",0.8899717876378559,0.8899717876378559,0.0,6
3,41.668572664260864,0.0,1.3803377151489258,0.0,gini,1000,"{'criterion': 'gini', 'n_estimators': 1000}",0.8907692307692306,0.8907692307692306,0.0,2
4,0.5640239715576172,0.0,0.012032270431518555,0.0,entropy,10,"{'criterion': 'entropy', 'n_estimators': 10}",0.8756236323851203,0.8756236323851203,0.0,8
5,4.644791841506958,0.0,0.13831567764282227,0.0,entropy,100,"{'criterion': 'entropy', 'n_estimators': 100}",0.8900863912411257,0.8900863912411257,0.0,5
6,24.068994760513306,0.0,0.6605231761932373,0.0,entropy,500,"{'criterion': 'entropy', 'n_estimators': 500}",0.8907505556505386,0.8907505556505386,0.0,3
7,44.96264910697937,0.0,1.327681064605713,0.0,entropy,1000,"{'criterion': 'entropy', 'n_estimators': 1000}",0.8909385942437442,0.8909385942437442,0.0,1
