,mean_fit_time,std_fit_time,mean_score_time,std_score_time,param_criterion,param_n_estimators,params,split0_test_score,mean_test_score,std_test_score,rank_test_score
0,0.4693288803100586,0.0,0.01901412010192871,0.0,gini,10,"{'criterion': 'gini', 'n_estimators': 10}",0.8764814327100343,0.8764814327100343,0.0,8
1,4.259753227233887,0.0,0.1509392261505127,0.0,gini,100,"{'criterion': 'gini', 'n_estimators': 100}",0.8895931477516059,0.8895931477516059,0.0,5
2,20.31477689743042,0.0,0.6972208023071289,0.0,gini,500,"{'criterion': 'gini', 'n_estimators': 500}",0.889934148635936,0.889934148635936,0.0,3
3,40.0870795249939,0.0,1.4015812873840332,0.0,gini,1000,"{'criterion': 'gini', 'n_estimators': 1000}",0.8903523776941499,0.8903523776941499,0.0,1
4,0.5288965702056885,0.0,0.021799564361572266,0.0,entropy,10,"{'criterion': 'entropy', 'n_estimators': 10}",0.8800559098453743,0.8800559098453743,0.0,7
5,4.5642619132995605,0.0,0.14750981330871582,0.0,entropy,100,"{'criterion': 'entropy', 'n_estimators': 100}",0.8895358794314095,0.8895358794314095,0.0,6
6,21.987485885620117,0.0,0.6836705207824707,0.0,entropy,500,"{'criterion': 'entropy', 'n_estimators': 500}",0.8897052541648868,0.8897052541648868,0.0,4
7,43.1681923866272,0.0,1.344517469406128,0.0,entropy,1000,"{'criterion': 'entropy', 'n_estimators': 1000}",0.8899709550657782,0.8899709550657782,0.0,2
