,mean_fit_time,std_fit_time,mean_score_time,std_score_time,param_criterion,param_n_estimators,params,split0_test_score,mean_test_score,std_test_score,rank_test_score
0,0.5159971714019775,0.0,0.02400040626525879,0.0,gini,10,"{'criterion': 'gini', 'n_estimators': 10}",0.8764260210746322,0.8764260210746322,0.0,8
1,4.021366357803345,0.0,0.15200161933898926,0.0,gini,100,"{'criterion': 'gini', 'n_estimators': 100}",0.888755980861244,0.888755980861244,0.0,6
2,19.404389142990112,0.0,0.7269980907440186,0.0,gini,500,"{'criterion': 'gini', 'n_estimators': 500}",0.8890595664789214,0.8890595664789214,0.0,5
3,38.01884317398071,0.0,1.4290530681610107,0.0,gini,1000,"{'criterion': 'gini', 'n_estimators': 1000}",0.8896663537844526,0.8896663537844526,0.0,2
4,0.46399950981140137,0.0,0.018997907638549805,0.0,entropy,10,"{'criterion': 'entropy', 'n_estimators': 10}",0.8804746117606002,0.8804746117606002,0.0,7
5,4.35236668586731,0.0,0.14800024032592773,0.0,entropy,100,"{'criterion': 'entropy', 'n_estimators': 100}",0.8902168345569403,0.8902168345569403,0.0,1
6,20.939867734909058,0.0,0.6979990005493164,0.0,entropy,500,"{'criterion': 'entropy', 'n_estimators': 500}",0.889362427548585,0.889362427548585,0.0,3
7,41.417558431625366,0.0,1.4023633003234863,0.0,entropy,1000,"{'criterion': 'entropy', 'n_estimators': 1000}",0.889267461669506,0.889267461669506,0.0,4
