,mean_fit_time,std_fit_time,mean_score_time,std_score_time,param_criterion,param_n_estimators,params,split0_test_score,mean_test_score,std_test_score,rank_test_score
0,0.4219934940338135,0.0,0.023998737335205078,0.0,gini,10,"{'criterion': 'gini', 'n_estimators': 10}",0.879084396295649,0.879084396295649,0.0,7
1,3.9719133377075195,0.0,0.15799975395202637,0.0,gini,100,"{'criterion': 'gini', 'n_estimators': 100}",0.8890786440099052,0.8890786440099052,0.0,5
2,18.672109842300415,0.0,0.7439999580383301,0.0,gini,500,"{'criterion': 'gini', 'n_estimators': 500}",0.8890215815064402,0.8890215815064402,0.0,6
3,36.67523908615112,0.0,1.4729983806610107,0.0,gini,1000,"{'criterion': 'gini', 'n_estimators': 1000}",0.8893061363830331,0.8893061363830331,0.0,3
4,0.43799328804016113,0.0,0.02200031280517578,0.0,entropy,10,"{'criterion': 'entropy', 'n_estimators': 10}",0.8756409142261231,0.8756409142261231,0.0,8
5,4.264913320541382,0.0,0.14899992942810059,0.0,entropy,100,"{'criterion': 'entropy', 'n_estimators': 100}",0.8891734972677596,0.8891734972677596,0.0,4
6,20.163109302520752,0.0,0.7110004425048828,0.0,entropy,500,"{'criterion': 'entropy', 'n_estimators': 500}",0.8895324078017205,0.8895324078017205,0.0,2
7,39.747286319732666,0.0,1.419382095336914,0.0,entropy,1000,"{'criterion': 'entropy', 'n_estimators': 1000}",0.8898535921007831,0.8898535921007831,0.0,1
