,mean_fit_time,std_fit_time,mean_score_time,std_score_time,param_criterion,param_n_estimators,params,split0_test_score,mean_test_score,std_test_score,rank_test_score
0,0.4589958190917969,0.0,0.020002365112304688,0.0,gini,10,"{'criterion': 'gini', 'n_estimators': 10}",0.8770118964310706,0.8770118964310706,0.0,7
1,3.7834572792053223,0.0,0.16000008583068848,0.0,gini,100,"{'criterion': 'gini', 'n_estimators': 100}",0.887825715506194,0.887825715506194,0.0,6
2,18.119093418121338,0.0,0.7979996204376221,0.0,gini,500,"{'criterion': 'gini', 'n_estimators': 500}",0.888661377015613,0.888661377015613,0.0,5
3,35.53404927253723,0.0,1.5049982070922852,0.0,gini,1000,"{'criterion': 'gini', 'n_estimators': 1000}",0.8894386623443098,0.8894386623443098,0.0,3
4,0.45099616050720215,0.0,0.01900029182434082,0.0,entropy,10,"{'criterion': 'entropy', 'n_estimators': 10}",0.8743446347430969,0.8743446347430969,0.0,8
5,4.134458780288696,0.0,0.1529991626739502,0.0,entropy,100,"{'criterion': 'entropy', 'n_estimators': 100}",0.889798703514159,0.889798703514159,0.0,2
6,19.97609257698059,0.0,0.7289998531341553,0.0,entropy,500,"{'criterion': 'entropy', 'n_estimators': 500}",0.8900612661674608,0.8900612661674608,0.0,1
7,38.715166091918945,0.0,1.4623408317565918,0.0,entropy,1000,"{'criterion': 'entropy', 'n_estimators': 1000}",0.889267461669506,0.889267461669506,0.0,4
