,mean_fit_time,std_fit_time,mean_score_time,std_score_time,param_criterion,param_n_estimators,params,split0_test_score,mean_test_score,std_test_score,rank_test_score
0,0.4949963092803955,0.0,0.021000385284423828,0.0,gini,10,"{'criterion': 'gini', 'n_estimators': 10}",0.8796304366774165,0.8796304366774165,0.0,7
1,4.339159727096558,0.0,0.15700078010559082,0.0,gini,100,"{'criterion': 'gini', 'n_estimators': 100}",0.8895537698751924,0.8895537698751924,0.0,3
2,21.00361132621765,0.0,0.7239978313446045,0.0,gini,500,"{'criterion': 'gini', 'n_estimators': 500}",0.8908625106746372,0.8908625106746372,0.0,2
3,41.52966356277466,0.0,1.435795545578003,0.0,gini,1000,"{'criterion': 'gini', 'n_estimators': 1000}",0.8909944515578319,0.8909944515578319,0.0,1
4,0.5109970569610596,0.0,0.017999887466430664,0.0,entropy,10,"{'criterion': 'entropy', 'n_estimators': 10}",0.8782449086618302,0.8782449086618302,0.0,8
5,4.695160388946533,0.0,0.14699840545654297,0.0,entropy,100,"{'criterion': 'entropy', 'n_estimators': 100}",0.888812921972481,0.888812921972481,0.0,4
6,22.650610208511353,0.0,0.6930012702941895,0.0,entropy,500,"{'criterion': 'entropy', 'n_estimators': 500}",0.8886806915935611,0.8886806915935611,0.0,5
7,44.58144664764404,0.0,1.3881711959838867,0.0,entropy,1000,"{'criterion': 'entropy', 'n_estimators': 1000}",0.8886427536849281,0.8886427536849281,0.0,6
