,mean_fit_time,std_fit_time,mean_score_time,std_score_time,param_criterion,param_n_estimators,params,split0_test_score,mean_test_score,std_test_score,rank_test_score
0,0.48900294303894043,0.0,0.019997596740722656,0.0,gini,10,"{'criterion': 'gini', 'n_estimators': 10}",0.8727622041743079,0.8727622041743079,0.0,8
1,4.3769097328186035,0.0,0.1530003547668457,0.0,gini,100,"{'criterion': 'gini', 'n_estimators': 100}",0.889742276839051,0.889742276839051,0.0,1
2,21.241910457611084,0.0,0.7409992218017578,0.0,gini,500,"{'criterion': 'gini', 'n_estimators': 500}",0.889552748378286,0.889552748378286,0.0,2
3,41.78762936592102,0.0,1.4500024318695068,0.0,gini,1000,"{'criterion': 'gini', 'n_estimators': 1000}",0.8891543647068864,0.8891543647068864,0.0,6
4,0.5440011024475098,0.0,0.018999576568603516,0.0,entropy,10,"{'criterion': 'entropy', 'n_estimators': 10}",0.8768078062380207,0.8768078062380207,0.0,7
5,4.777909755706787,0.0,0.14499998092651367,0.0,entropy,100,"{'criterion': 'entropy', 'n_estimators': 100}",0.8894390847775976,0.8894390847775976,0.0,3
6,22.78490972518921,0.0,0.6980016231536865,0.0,entropy,500,"{'criterion': 'entropy', 'n_estimators': 500}",0.8891919536310944,0.8891919536310944,0.0,5
7,45.52598166465759,0.0,1.4026587009429932,0.0,entropy,1000,"{'criterion': 'entropy', 'n_estimators': 1000}",0.889362427548585,0.889362427548585,0.0,4
