,mean_fit_time,std_fit_time,mean_score_time,std_score_time,param_criterion,param_n_estimators,params,split0_test_score,mean_test_score,std_test_score,rank_test_score
0,0.47899794578552246,0.0,0.021000146865844727,0.0,gini,10,"{'criterion': 'gini', 'n_estimators': 10}",0.8750109179841034,0.8750109179841034,0.0,8
1,4.4963977336883545,0.0,0.16100192070007324,0.0,gini,100,"{'criterion': 'gini', 'n_estimators': 100}",0.8882056537706038,0.8882056537706038,0.0,6
2,21.31800603866577,0.0,0.7482545375823975,0.0,gini,500,"{'criterion': 'gini', 'n_estimators': 500}",0.8890783528007504,0.8890783528007504,0.0,5
3,42.05711102485657,0.0,1.4752693176269531,0.0,gini,1000,"{'criterion': 'gini', 'n_estimators': 1000}",0.8892299820926067,0.8892299820926067,0.0,4
4,0.5499968528747559,0.0,0.01800084114074707,0.0,entropy,10,"{'criterion': 'entropy', 'n_estimators': 10}",0.8798534159322919,0.8798534159322919,0.0,7
5,4.816396474838257,0.0,0.1490025520324707,0.0,entropy,100,"{'criterion': 'entropy', 'n_estimators': 100}",0.8899317406143344,0.8899317406143344,0.0,3
6,22.90025520324707,0.0,0.7090020179748535,0.0,entropy,500,"{'criterion': 'entropy', 'n_estimators': 500}",0.8910823689584751,0.8910823689584751,0.0,1
7,45.15291404724121,0.0,1.4060940742492676,0.0,entropy,1000,"{'criterion': 'entropy', 'n_estimators': 1000}",0.8906662128818174,0.8906662128818174,0.0,2
