,mean_fit_time,std_fit_time,mean_score_time,std_score_time,param_criterion,param_n_estimators,params,split0_test_score,mean_test_score,std_test_score,rank_test_score
0,0.4889984130859375,0.0,0.0200040340423584,0.0,gini,10,"{'criterion': 'gini', 'n_estimators': 10}",0.8749564004185559,0.8749564004185559,0.0,8
1,4.543942928314209,0.0,0.15999722480773926,0.0,gini,100,"{'criterion': 'gini', 'n_estimators': 100}",0.8874636565760219,0.8874636565760219,0.0,6
2,21.981362104415894,0.0,0.7500038146972656,0.0,gini,500,"{'criterion': 'gini', 'n_estimators': 500}",0.8895715992490186,0.8895715992490186,0.0,4
3,42.74859976768494,0.0,1.4844770431518555,0.0,gini,1000,"{'criterion': 'gini', 'n_estimators': 1000}",0.889419795221843,0.889419795221843,0.0,5
4,0.5229971408843994,0.0,0.019000768661499023,0.0,entropy,10,"{'criterion': 'entropy', 'n_estimators': 10}",0.8762004539898725,0.8762004539898725,0.0,7
5,4.838937282562256,0.0,0.1490023136138916,0.0,entropy,100,"{'criterion': 'entropy', 'n_estimators': 100}",0.8913377754997437,0.8913377754997437,0.0,1
6,23.383357763290405,0.0,0.7204539775848389,0.0,entropy,500,"{'criterion': 'entropy', 'n_estimators': 500}",0.8904413017549838,0.8904413017549838,0.0,3
7,46.07573699951172,0.0,1.4202618598937988,0.0,entropy,1000,"{'criterion': 'entropy', 'n_estimators': 1000}",0.8905171679304762,0.8905171679304762,0.0,2
