,mean_fit_time,std_fit_time,mean_score_time,std_score_time,param_criterion,param_n_estimators,params,split0_test_score,mean_test_score,std_test_score,rank_test_score
0,0.11870288848876953,0.0,0.00806117057800293,0.0,gini,10,"{'criterion': 'gini', 'n_estimators': 10}",0.8659569117277224,0.8659569117277224,0.0,7
1,1.137047290802002,0.0,0.06589245796203613,0.0,gini,100,"{'criterion': 'gini', 'n_estimators': 100}",0.8677775014507172,0.8677775014507172,0.0,1
2,5.31182336807251,0.0,0.3724648952484131,0.0,gini,500,"{'criterion': 'gini', 'n_estimators': 500}",0.8677775014507172,0.8677775014507172,0.0,1
3,10.456628561019897,0.0,0.745171070098877,0.0,gini,1000,"{'criterion': 'gini', 'n_estimators': 1000}",0.8677775014507172,0.8677775014507172,0.0,1
4,0.11660981178283691,0.0,0.00305938720703125,0.0,entropy,10,"{'criterion': 'entropy', 'n_estimators': 10}",0.8659569117277224,0.8659569117277224,0.0,7
5,1.1081123352050781,0.0,0.08464860916137695,0.0,entropy,100,"{'criterion': 'entropy', 'n_estimators': 100}",0.8677775014507172,0.8677775014507172,0.0,1
6,5.2419891357421875,0.0,0.3745546340942383,0.0,entropy,500,"{'criterion': 'entropy', 'n_estimators': 500}",0.8677775014507172,0.8677775014507172,0.0,1
7,10.275180578231812,0.0,0.7456552982330322,0.0,entropy,1000,"{'criterion': 'entropy', 'n_estimators': 1000}",0.8677775014507172,0.8677775014507172,0.0,1
