,mean_fit_time,std_fit_time,mean_score_time,std_score_time,param_criterion,param_n_estimators,params,split0_test_score,mean_test_score,std_test_score,rank_test_score
0,0.5229911804199219,0.0,0.021001815795898438,0.0,gini,10,"{'criterion': 'gini', 'n_estimators': 10}",0.8787033809689787,0.8787033809689787,0.0,7
1,4.415991306304932,0.0,0.16100001335144043,0.0,gini,100,"{'criterion': 'gini', 'n_estimators': 100}",0.8906903319395854,0.8906903319395854,0.0,2
2,21.35940432548523,0.0,0.7759964466094971,0.0,gini,500,"{'criterion': 'gini', 'n_estimators': 500}",0.8903456495828367,0.8903456495828367,0.0,4
3,42.02220177650452,0.0,1.5101139545440674,0.0,gini,1000,"{'criterion': 'gini', 'n_estimators': 1000}",0.8901005281990118,0.8901005281990118,0.0,5
4,0.5529909133911133,0.0,0.020000219345092773,0.0,entropy,10,"{'criterion': 'entropy', 'n_estimators': 10}",0.8725464538079036,0.8725464538079036,0.0,8
5,4.852903604507446,0.0,0.1549999713897705,0.0,entropy,100,"{'criterion': 'entropy', 'n_estimators': 100}",0.8894961571306575,0.8894961571306575,0.0,6
6,23.08640217781067,0.0,0.7349998950958252,0.0,entropy,500,"{'criterion': 'entropy', 'n_estimators': 500}",0.8910790144435004,0.8910790144435004,0.0,1
7,45.3731689453125,0.0,1.4779057502746582,0.0,entropy,1000,"{'criterion': 'entropy', 'n_estimators': 1000}",0.8905705297168609,0.8905705297168609,0.0,3
