,mean_fit_time,std_fit_time,mean_score_time,std_score_time,param_criterion,param_n_estimators,params,split0_test_score,mean_test_score,std_test_score,rank_test_score
0,0.5424325466156006,0.0,0.019999980926513672,0.0,gini,10,"{'criterion': 'gini', 'n_estimators': 10}",0.8769969445656919,0.8769969445656919,0.0,7
1,4.5608742237091064,0.0,0.16199970245361328,0.0,gini,100,"{'criterion': 'gini', 'n_estimators': 100}",0.8896669513236549,0.8896669513236549,0.0,1
2,21.309874057769775,0.0,0.7829995155334473,0.0,gini,500,"{'criterion': 'gini', 'n_estimators': 500}",0.8891541609822647,0.8891541609822647,0.0,3
3,41.891690254211426,0.0,1.5450007915496826,0.0,gini,1000,"{'criterion': 'gini', 'n_estimators': 1000}",0.8891919536310944,0.8891919536310944,0.0,2
4,0.5654363632202148,0.0,0.020994901657104492,0.0,entropy,10,"{'criterion': 'entropy', 'n_estimators': 10}",0.8718443197755961,0.8718443197755961,0.0,8
5,4.7418739795684814,0.0,0.1580047607421875,0.0,entropy,100,"{'criterion': 'entropy', 'n_estimators': 100}",0.8877524929685503,0.8877524929685503,0.0,6
6,22.89387607574463,0.0,0.7469987869262695,0.0,entropy,500,"{'criterion': 'entropy', 'n_estimators': 500}",0.8885106382978724,0.8885106382978724,0.0,5
7,45.26628112792969,0.0,1.4965589046478271,0.0,entropy,1000,"{'criterion': 'entropy', 'n_estimators': 1000}",0.8885864943017521,0.8885864943017521,0.0,4
