,mean_fit_time,std_fit_time,mean_score_time,std_score_time,param_criterion,param_n_estimators,params,split0_test_score,mean_test_score,std_test_score,rank_test_score
0,0.4739956855773926,0.0,0.02100539207458496,0.0,gini,10,"{'criterion': 'gini', 'n_estimators': 10}",0.8741582859641452,0.8741582859641452,0.0,7
1,4.414003133773804,0.0,0.1660001277923584,0.0,gini,100,"{'criterion': 'gini', 'n_estimators': 100}",0.8894021041827046,0.8894021041827046,0.0,2
2,21.45496416091919,0.0,0.7880017757415771,0.0,gini,500,"{'criterion': 'gini', 'n_estimators': 500}",0.8887561849513735,0.8887561849513735,0.0,4
3,41.55180335044861,0.0,1.562000036239624,0.0,gini,1000,"{'criterion': 'gini', 'n_estimators': 1000}",0.8882638711327028,0.8882638711327028,0.0,6
4,0.5169928073883057,0.0,0.020000219345092773,0.0,entropy,10,"{'criterion': 'entropy', 'n_estimators': 10}",0.8726003490401396,0.8726003490401396,0.0,8
5,4.836003303527832,0.0,0.1549997329711914,0.0,entropy,100,"{'criterion': 'entropy', 'n_estimators': 100}",0.8886050076647931,0.8886050076647931,0.0,5
6,22.6939594745636,0.0,0.7519998550415039,0.0,entropy,500,"{'criterion': 'entropy', 'n_estimators': 500}",0.88926688212281,0.88926688212281,0.0,3
7,44.4259135723114,0.0,1.507322072982788,0.0,entropy,1000,"{'criterion': 'entropy', 'n_estimators': 1000}",0.8898528536191206,0.8898528536191206,0.0,1
