,mean_fit_time,std_fit_time,mean_score_time,std_score_time,param_criterion,param_n_estimators,params,split0_test_score,mean_test_score,std_test_score,rank_test_score
0,0.5109992027282715,0.0,0.021001815795898438,0.0,gini,10,"{'criterion': 'gini', 'n_estimators': 10}",0.8745744959413461,0.8745744959413461,0.0,7
1,4.387422323226929,0.0,0.1750020980834961,0.0,gini,100,"{'criterion': 'gini', 'n_estimators': 100}",0.8862704918032787,0.8862704918032787,0.0,6
2,20.742387056350708,0.0,0.7989990711212158,0.0,gini,500,"{'criterion': 'gini', 'n_estimators': 500}",0.8888699505709903,0.8888699505709903,0.0,3
3,40.97675585746765,0.0,1.6164577007293701,0.0,gini,1000,"{'criterion': 'gini', 'n_estimators': 1000}",0.8894942959305295,0.8894942959305295,0.0,1
4,0.551995038986206,0.0,0.020001649856567383,0.0,entropy,10,"{'criterion': 'entropy', 'n_estimators': 10}",0.8709846368715084,0.8709846368715084,0.0,8
5,4.652421951293945,0.0,0.15900015830993652,0.0,entropy,100,"{'criterion': 'entropy', 'n_estimators': 100}",0.8889078062484038,0.8889078062484038,0.0,2
6,22.67038631439209,0.0,0.7620010375976562,0.0,entropy,500,"{'criterion': 'entropy', 'n_estimators': 500}",0.8885109277999829,0.8885109277999829,0.0,5
7,44.123278856277466,0.0,1.5174336433410645,0.0,entropy,1000,"{'criterion': 'entropy', 'n_estimators': 1000}",0.8886624203821656,0.8886624203821656,0.0,4
