,mean_fit_time,std_fit_time,mean_score_time,std_score_time,param_criterion,param_n_estimators,params,split0_test_score,mean_test_score,std_test_score,rank_test_score
0,0.5904695987701416,0.0,0.024999618530273438,0.0,gini,10,"{'criterion': 'gini', 'n_estimators': 10}",0.8760344977785521,0.8760344977785521,0.0,7
1,5.149042844772339,0.0,0.16099953651428223,0.0,gini,100,"{'criterion': 'gini', 'n_estimators': 100}",0.8873912301655008,0.8873912301655008,0.0,6
2,24.29906415939331,0.0,0.7620010375976562,0.0,gini,500,"{'criterion': 'gini', 'n_estimators': 500}",0.888547795685171,0.888547795685171,0.0,5
3,47.53155326843262,0.0,1.5342719554901123,0.0,gini,1000,"{'criterion': 'gini', 'n_estimators': 1000}",0.8886993603411514,0.8886993603411514,0.0,4
4,0.6114685535430908,0.0,0.02000260353088379,0.0,entropy,10,"{'criterion': 'entropy', 'n_estimators': 10}",0.8716157205240175,0.8716157205240175,0.0,8
5,5.503042459487915,0.0,0.15200066566467285,0.0,entropy,100,"{'criterion': 'entropy', 'n_estimators': 100}",0.8899497059074248,0.8899497059074248,0.0,3
6,25.79306674003601,0.0,0.7310032844543457,0.0,entropy,500,"{'criterion': 'entropy', 'n_estimators': 500}",0.8911396714614009,0.8911396714614009,0.0,1
7,50.68882393836975,0.0,1.5272512435913086,0.0,entropy,1000,"{'criterion': 'entropy', 'n_estimators': 1000}",0.8910840500723836,0.8910840500723836,0.0,2
