,mean_fit_time,std_fit_time,mean_score_time,std_score_time,param_criterion,param_n_estimators,params,split0_test_score,mean_test_score,std_test_score,rank_test_score
0,0.313995361328125,0.0,0.0218660831451416,0.0,gini,10,"{'criterion': 'gini', 'n_estimators': 10}",0.8692678649715038,0.8692678649715038,0.0,8
1,2.6921396255493164,0.0,0.13359475135803223,0.0,gini,100,"{'criterion': 'gini', 'n_estimators': 100}",0.8821456202183444,0.8821456202183444,0.0,1
2,12.02893328666687,0.0,0.7065689563751221,0.0,gini,500,"{'criterion': 'gini', 'n_estimators': 500}",0.8820697954271961,0.8820697954271961,0.0,2
3,24.034390926361084,0.0,1.4049789905548096,0.0,gini,1000,"{'criterion': 'gini', 'n_estimators': 1000}",0.8819330982887609,0.8819330982887609,0.0,3
4,0.2840752601623535,0.0,0.027869224548339844,0.0,entropy,10,"{'criterion': 'entropy', 'n_estimators': 10}",0.8722041926146828,0.8722041926146828,0.0,7
5,2.795842170715332,0.0,0.14470529556274414,0.0,entropy,100,"{'criterion': 'entropy', 'n_estimators': 100}",0.880901195287643,0.880901195287643,0.0,6
6,13.439321756362915,0.0,0.6949999332427979,0.0,entropy,500,"{'criterion': 'entropy', 'n_estimators': 500}",0.8810587830869715,0.8810587830869715,0.0,5
7,26.468393087387085,0.0,1.3642246723175049,0.0,entropy,1000,"{'criterion': 'entropy', 'n_estimators': 1000}",0.8817111931964607,0.8817111931964607,0.0,4
