,mean_fit_time,std_fit_time,mean_score_time,std_score_time,param_criterion,param_n_estimators,params,split0_test_score,mean_test_score,std_test_score,rank_test_score
0,0.38317346572875977,0.0,0.01880502700805664,0.0,gini,10,"{'criterion': 'gini', 'n_estimators': 10}",0.8702370500438982,0.8702370500438982,0.0,8
1,3.4865143299102783,0.0,0.12851524353027344,0.0,gini,100,"{'criterion': 'gini', 'n_estimators': 100}",0.8840130786439511,0.8840130786439511,0.0,5
2,16.802260637283325,0.0,0.6495850086212158,0.0,gini,500,"{'criterion': 'gini', 'n_estimators': 500}",0.8844635193133047,0.8844635193133047,0.0,4
3,33.41375374794006,0.0,1.2835071086883545,0.0,gini,1000,"{'criterion': 'gini', 'n_estimators': 1000}",0.8848995018038137,0.8848995018038137,0.0,2
4,0.41304659843444824,0.0,0.017834186553955078,0.0,entropy,10,"{'criterion': 'entropy', 'n_estimators': 10}",0.8737830014910973,0.8737830014910973,0.0,7
5,3.8989195823669434,0.0,0.16952776908874512,0.0,entropy,100,"{'criterion': 'entropy', 'n_estimators': 100}",0.8827372764786794,0.8827372764786794,0.0,6
6,18.984458446502686,0.0,0.6181638240814209,0.0,entropy,500,"{'criterion': 'entropy', 'n_estimators': 500}",0.8848432803778445,0.8848432803778445,0.0,3
7,37.06070923805237,0.0,1.2700188159942627,0.0,entropy,1000,"{'criterion': 'entropy', 'n_estimators': 1000}",0.8858541612986345,0.8858541612986345,0.0,1
