,mean_fit_time,std_fit_time,mean_score_time,std_score_time,param_criterion,param_n_estimators,params,split0_test_score,mean_test_score,std_test_score,rank_test_score
0,0.3256199359893799,0.0,0.0248260498046875,0.0,gini,10,"{'criterion': 'gini', 'n_estimators': 10}",0.8734865765923847,0.8734865765923847,0.0,8
1,3.329780340194702,0.0,0.13938140869140625,0.0,gini,100,"{'criterion': 'gini', 'n_estimators': 100}",0.8855815554026152,0.8855815554026152,0.0,4
2,16.270646810531616,0.0,0.660506010055542,0.0,gini,500,"{'criterion': 'gini', 'n_estimators': 500}",0.886410432395333,0.886410432395333,0.0,2
3,31.71245503425598,0.0,1.3232355117797852,0.0,gini,1000,"{'criterion': 'gini', 'n_estimators': 1000}",0.886504120879121,0.886504120879121,0.0,1
4,0.3793182373046875,0.0,0.006051778793334961,0.0,entropy,10,"{'criterion': 'entropy', 'n_estimators': 10}",0.8749451513821852,0.8749451513821852,0.0,7
5,3.6869912147521973,0.0,0.13663625717163086,0.0,entropy,100,"{'criterion': 'entropy', 'n_estimators': 100}",0.8845822566752799,0.8845822566752799,0.0,6
6,18.08920645713806,0.0,0.6431882381439209,0.0,entropy,500,"{'criterion': 'entropy', 'n_estimators': 500}",0.8852064909418734,0.8852064909418734,0.0,5
7,35.21537899971008,0.0,1.286212682723999,0.0,entropy,1000,"{'criterion': 'entropy', 'n_estimators': 1000}",0.8863909387334821,0.8863909387334821,0.0,3
