,mean_fit_time,std_fit_time,mean_score_time,std_score_time,param_criterion,param_n_estimators,params,split0_test_score,mean_test_score,std_test_score,rank_test_score
0,0.40290260314941406,0.0,0.022038698196411133,0.0,gini,10,"{'criterion': 'gini', 'n_estimators': 10}",0.8768490153172867,0.8768490153172867,0.0,8
1,3.4227242469787598,0.0,0.1346149444580078,0.0,gini,100,"{'criterion': 'gini', 'n_estimators': 100}",0.8919705529875022,0.8919705529875022,0.0,4
2,16.399221420288086,0.0,0.6953129768371582,0.0,gini,500,"{'criterion': 'gini', 'n_estimators': 500}",0.8920051303976059,0.8920051303976059,0.0,3
3,32.408424377441406,0.0,1.3963994979858398,0.0,gini,1000,"{'criterion': 'gini', 'n_estimators': 1000}",0.891965811965812,0.891965811965812,0.0,5
4,0.3949015140533447,0.0,0.010062694549560547,0.0,entropy,10,"{'criterion': 'entropy', 'n_estimators': 10}",0.8792245218758187,0.8792245218758187,0.0,7
5,3.723478317260742,0.0,0.15084266662597656,0.0,entropy,100,"{'criterion': 'entropy', 'n_estimators': 100}",0.8892695041534642,0.8892695041534642,0.0,6
6,17.773863792419434,0.0,0.6647899150848389,0.0,entropy,500,"{'criterion': 'entropy', 'n_estimators': 500}",0.8920998632010945,0.8920998632010945,0.0,2
7,35.75204539299011,0.0,1.3293266296386719,0.0,entropy,1000,"{'criterion': 'entropy', 'n_estimators': 1000}",0.8921183108223628,0.8921183108223628,0.0,1
