,mean_fit_time,std_fit_time,mean_score_time,std_score_time,param_criterion,param_n_estimators,params,split0_test_score,mean_test_score,std_test_score,rank_test_score
0,0.41254138946533203,0.0,0.011038541793823242,0.0,gini,10,"{'criterion': 'gini', 'n_estimators': 10}",0.8795811518324608,0.8795811518324608,0.0,7
1,3.4276764392852783,0.0,0.16596102714538574,0.0,gini,100,"{'criterion': 'gini', 'n_estimators': 100}",0.8898001025115325,0.8898001025115325,0.0,6
2,16.250529289245605,0.0,0.704852819442749,0.0,gini,500,"{'criterion': 'gini', 'n_estimators': 500}",0.8917164816396241,0.8917164816396241,0.0,3
3,32.501245975494385,0.0,1.4080853462219238,0.0,gini,1000,"{'criterion': 'gini', 'n_estimators': 1000}",0.8915827215297933,0.8915827215297933,0.0,4
4,0.39063262939453125,0.0,0.0020580291748046875,0.0,entropy,10,"{'criterion': 'entropy', 'n_estimators': 10}",0.8763947001394701,0.8763947001394701,0.0,8
5,3.6770029067993164,0.0,0.1433546543121338,0.0,entropy,100,"{'criterion': 'entropy', 'n_estimators': 100}",0.8907663423792456,0.8907663423792456,0.0,5
6,17.9913489818573,0.0,0.6795909404754639,0.0,entropy,500,"{'criterion': 'entropy', 'n_estimators': 500}",0.8917534574014,0.8917534574014,0.0,2
7,35.74376559257507,0.0,1.3742997646331787,0.0,entropy,1000,"{'criterion': 'entropy', 'n_estimators': 1000}",0.8917904079194402,0.8917904079194402,0.0,1
