,mean_fit_time,std_fit_time,mean_score_time,std_score_time,param_criterion,param_n_estimators,params,split0_test_score,mean_test_score,std_test_score,rank_test_score
0,0.4795868396759033,0.0,0.02880716323852539,0.0,gini,10,"{'criterion': 'gini', 'n_estimators': 10}",0.8746279110488531,0.8746279110488531,0.0,8
1,4.456736326217651,0.0,0.14716291427612305,0.0,gini,100,"{'criterion': 'gini', 'n_estimators': 100}",0.8906598114824336,0.8906598114824336,0.0,6
2,21.22604465484619,0.0,0.6886496543884277,0.0,gini,500,"{'criterion': 'gini', 'n_estimators': 500}",0.8914011647824598,0.8914011647824598,0.0,1
3,41.88170075416565,0.0,1.3347151279449463,0.0,gini,1000,"{'criterion': 'gini', 'n_estimators': 1000}",0.8909044237186617,0.8909044237186617,0.0,4
4,0.5094609260559082,0.0,0.028812885284423828,0.0,entropy,10,"{'criterion': 'entropy', 'n_estimators': 10}",0.8803576124112543,0.8803576124112543,0.0,7
5,4.843706130981445,0.0,0.14360785484313965,0.0,entropy,100,"{'criterion': 'entropy', 'n_estimators': 100}",0.8911179698216735,0.8911179698216735,0.0,2
6,23.063873767852783,0.0,0.6588261127471924,0.0,entropy,500,"{'criterion': 'entropy', 'n_estimators': 500}",0.891016326181725,0.891016326181725,0.0,3
7,45.47536754608154,0.0,1.3104960918426514,0.0,entropy,1000,"{'criterion': 'entropy', 'n_estimators': 1000}",0.8908842141269028,0.8908842141269028,0.0,5
