,mean_fit_time,std_fit_time,mean_score_time,std_score_time,param_criterion,param_n_estimators,params,split0_test_score,mean_test_score,std_test_score,rank_test_score
0,0.48599791526794434,0.0,0.018999814987182617,0.0,gini,10,"{'criterion': 'gini', 'n_estimators': 10}",0.8757047445572037,0.8757047445572037,0.0,8
1,4.654997825622559,0.0,0.14800310134887695,0.0,gini,100,"{'criterion': 'gini', 'n_estimators': 100}",0.88813328799728,0.88813328799728,0.0,6
2,21.446916103363037,0.0,0.7230026721954346,0.0,gini,500,"{'criterion': 'gini', 'n_estimators': 500}",0.8899999999999999,0.8899999999999999,0.0,1
3,42.083916425704956,0.0,1.3832886219024658,0.0,gini,1000,"{'criterion': 'gini', 'n_estimators': 1000}",0.8898484463635594,0.8898484463635594,0.0,2
4,0.5809965133666992,0.0,0.018001317977905273,0.0,entropy,10,"{'criterion': 'entropy', 'n_estimators': 10}",0.8770746887966805,0.8770746887966805,0.0,7
5,4.972999095916748,0.0,0.15199971199035645,0.0,entropy,100,"{'criterion': 'entropy', 'n_estimators': 100}",0.8887193829985592,0.8887193829985592,0.0,5
6,23.147914171218872,0.0,0.6730034351348877,0.0,entropy,500,"{'criterion': 'entropy', 'n_estimators': 500}",0.8887759423972894,0.8887759423972894,0.0,4
7,47.49032688140869,0.0,1.3633153438568115,0.0,entropy,1000,"{'criterion': 'entropy', 'n_estimators': 1000}",0.8898297908374968,0.8898297908374968,0.0,3
