,mean_fit_time,std_fit_time,mean_score_time,std_score_time,param_criterion,param_n_estimators,params,split0_test_score,mean_test_score,std_test_score,rank_test_score
0,0.4889981746673584,0.0,0.018999576568603516,0.0,gini,10,"{'criterion': 'gini', 'n_estimators': 10}",0.8773331018317563,0.8773331018317563,0.0,7
1,4.415013790130615,0.0,0.15599727630615234,0.0,gini,100,"{'criterion': 'gini', 'n_estimators': 100}",0.887794941436089,0.887794941436089,0.0,6
2,20.70868229866028,0.0,0.7189970016479492,0.0,gini,500,"{'criterion': 'gini', 'n_estimators': 500}",0.8902635369883908,0.8902635369883908,0.0,1
3,40.9896719455719,0.0,1.4200007915496826,0.0,gini,1000,"{'criterion': 'gini', 'n_estimators': 1000}",0.8899999999999999,0.8899999999999999,0.0,2
4,0.5889978408813477,0.0,0.018001556396484375,0.0,entropy,10,"{'criterion': 'entropy', 'n_estimators': 10}",0.8722000347282514,0.8722000347282514,0.0,8
5,4.745006084442139,0.0,0.14400196075439453,0.0,entropy,100,"{'criterion': 'entropy', 'n_estimators': 100}",0.8878512607182274,0.8878512607182274,0.0,5
6,22.332672119140625,0.0,0.6909995079040527,0.0,entropy,500,"{'criterion': 'entropy', 'n_estimators': 500}",0.8894910661359979,0.8894910661359979,0.0,4
7,43.87612175941467,0.0,1.3616266250610352,0.0,entropy,1000,"{'criterion': 'entropy', 'n_estimators': 1000}",0.8895471857807872,0.8895471857807872,0.0,3
