,mean_fit_time,std_fit_time,mean_score_time,std_score_time,param_criterion,param_n_estimators,params,split0_test_score,mean_test_score,std_test_score,rank_test_score
0,0.5339975357055664,0.0,0.020999908447265625,0.0,gini,10,"{'criterion': 'gini', 'n_estimators': 10}",0.8685833405715279,0.8685833405715279,0.0,8
1,4.106149435043335,0.0,0.152998685836792,0.0,gini,100,"{'criterion': 'gini', 'n_estimators': 100}",0.8885874173308461,0.8885874173308461,0.0,5
2,19.47528338432312,0.0,0.7290000915527344,0.0,gini,500,"{'criterion': 'gini', 'n_estimators': 500}",0.8890583947792184,0.8890583947792184,0.0,3
3,38.549659729003906,0.0,1.4829998016357422,0.0,gini,1000,"{'criterion': 'gini', 'n_estimators': 1000}",0.8895850973751057,0.8895850973751057,0.0,1
4,0.49000024795532227,0.0,0.0189969539642334,0.0,entropy,10,"{'criterion': 'entropy', 'n_estimators': 10}",0.8743623000432339,0.8743623000432339,0.0,7
5,4.383147716522217,0.0,0.14900517463684082,0.0,entropy,100,"{'criterion': 'entropy', 'n_estimators': 100}",0.8863964652901691,0.8863964652901691,0.0,6
6,21.018802404403687,0.0,0.6989989280700684,0.0,entropy,500,"{'criterion': 'entropy', 'n_estimators': 500}",0.8885878767355232,0.8885878767355232,0.0,4
7,41.68201518058777,0.0,1.403588056564331,0.0,entropy,1000,"{'criterion': 'entropy', 'n_estimators': 1000}",0.8892839004570848,0.8892839004570848,0.0,2
