,mean_fit_time,std_fit_time,mean_score_time,std_score_time,param_criterion,param_n_estimators,params,split0_test_score,mean_test_score,std_test_score,rank_test_score
0,0.4689960479736328,0.0,0.018999814987182617,0.0,gini,10,"{'criterion': 'gini', 'n_estimators': 10}",0.8728157871859515,0.8728157871859515,0.0,7
1,4.146703481674194,0.0,0.17400050163269043,0.0,gini,100,"{'criterion': 'gini', 'n_estimators': 100}",0.8877957764396572,0.8877957764396572,0.0,5
2,19.660706281661987,0.0,0.7520008087158203,0.0,gini,500,"{'criterion': 'gini', 'n_estimators': 500}",0.8886442543822508,0.8886442543822508,0.0,1
3,38.77370548248291,0.0,1.4499990940093994,0.0,gini,1000,"{'criterion': 'gini', 'n_estimators': 1000}",0.8886442543822508,0.8886442543822508,0.0,1
4,0.48699498176574707,0.0,0.019002914428710938,0.0,entropy,10,"{'criterion': 'entropy', 'n_estimators': 10}",0.8722025403957488,0.8722025403957488,0.0,8
5,4.545702934265137,0.0,0.15700101852416992,0.0,entropy,100,"{'criterion': 'entropy', 'n_estimators': 100}",0.8868770623572214,0.8868770623572214,0.0,6
6,21.399707078933716,0.0,0.7179994583129883,0.0,entropy,500,"{'criterion': 'entropy', 'n_estimators': 500}",0.8880047405400829,0.8880047405400829,0.0,4
7,41.82425594329834,0.0,1.4129977226257324,0.0,entropy,1000,"{'criterion': 'entropy', 'n_estimators': 1000}",0.8882308147897453,0.8882308147897453,0.0,3
