,mean_fit_time,std_fit_time,mean_score_time,std_score_time,param_criterion,param_n_estimators,params,split0_test_score,mean_test_score,std_test_score,rank_test_score
0,0.4739961624145508,0.0,0.023004770278930664,0.0,gini,10,"{'criterion': 'gini', 'n_estimators': 10}",0.8736368357278865,0.8736368357278865,0.0,7
1,4.127993822097778,0.0,0.16300082206726074,0.0,gini,100,"{'criterion': 'gini', 'n_estimators': 100}",0.8872690286489235,0.8872690286489235,0.0,5
2,19.107420206069946,0.0,0.761000394821167,0.0,gini,500,"{'criterion': 'gini', 'n_estimators': 500}",0.8882113821138211,0.8882113821138211,0.0,3
3,37.4725501537323,0.0,1.4930012226104736,0.0,gini,1000,"{'criterion': 'gini', 'n_estimators': 1000}",0.8882303132938186,0.8882303132938186,0.0,2
4,0.49199414253234863,0.0,0.0200040340423584,0.0,entropy,10,"{'criterion': 'entropy', 'n_estimators': 10}",0.8698961937716264,0.8698961937716264,0.0,8
5,4.323998928070068,0.0,0.1589977741241455,0.0,entropy,100,"{'criterion': 'entropy', 'n_estimators': 100}",0.886292439251545,0.886292439251545,0.0,6
6,20.37442111968994,0.0,0.7231614589691162,0.0,entropy,500,"{'criterion': 'entropy', 'n_estimators': 500}",0.8876109936575053,0.8876109936575053,0.0,4
7,40.20962357521057,0.0,1.4316279888153076,0.0,entropy,1000,"{'criterion': 'entropy', 'n_estimators': 1000}",0.8884377907468494,0.8884377907468494,0.0,1
