,mean_fit_time,std_fit_time,mean_score_time,std_score_time,param_criterion,param_n_estimators,params,split0_test_score,mean_test_score,std_test_score,rank_test_score
0,0.46599912643432617,0.0,0.023001432418823242,0.0,gini,10,"{'criterion': 'gini', 'n_estimators': 10}",0.8736869519923605,0.8736869519923605,0.0,8
1,3.9289987087249756,0.0,0.16820955276489258,0.0,gini,100,"{'criterion': 'gini', 'n_estimators': 100}",0.8867396284041741,0.8867396284041741,0.0,5
2,18.449050903320312,0.0,0.7629997730255127,0.0,gini,500,"{'criterion': 'gini', 'n_estimators': 500}",0.8884748920315013,0.8884748920315013,0.0,2
3,36.394678831100464,0.0,1.5270001888275146,0.0,gini,1000,"{'criterion': 'gini', 'n_estimators': 1000}",0.8881929750317393,0.8881929750317393,0.0,4
4,0.5110001564025879,0.0,0.018999099731445312,0.0,entropy,10,"{'criterion': 'entropy', 'n_estimators': 10}",0.8737360642986777,0.8737360642986777,0.0,7
5,4.25520133972168,0.0,0.15700054168701172,0.0,entropy,100,"{'criterion': 'entropy', 'n_estimators': 100}",0.8865770109109363,0.8865770109109363,0.0,6
6,20.920049905776978,0.0,0.7349998950958252,0.0,entropy,500,"{'criterion': 'entropy', 'n_estimators': 500}",0.8887950688170227,0.8887950688170227,0.0,1
7,38.95367741584778,0.0,1.4680001735687256,0.0,entropy,1000,"{'criterion': 'entropy', 'n_estimators': 1000}",0.8882879837755618,0.8882879837755618,0.0,3
