,mean_fit_time,std_fit_time,mean_score_time,std_score_time,param_criterion,param_n_estimators,params,split0_test_score,mean_test_score,std_test_score,rank_test_score
0,0.5270001888275146,0.0,0.024999380111694336,0.0,gini,10,"{'criterion': 'gini', 'n_estimators': 10}",0.8762053687776908,0.8762053687776908,0.0,8
1,4.771000385284424,0.0,0.15799999237060547,0.0,gini,100,"{'criterion': 'gini', 'n_estimators': 100}",0.8887568943572338,0.8887568943572338,0.0,4
2,21.597153425216675,0.0,0.7419998645782471,0.0,gini,500,"{'criterion': 'gini', 'n_estimators': 500}",0.8895466847090662,0.8895466847090662,0.0,2
3,42.345152616500854,0.0,1.4670002460479736,0.0,gini,1000,"{'criterion': 'gini', 'n_estimators': 1000}",0.8898849797023004,0.8898849797023004,0.0,1
4,0.5359995365142822,0.0,0.023001432418823242,0.0,entropy,10,"{'criterion': 'entropy', 'n_estimators': 10}",0.8768617942500867,0.8768617942500867,0.0,7
5,4.817999362945557,0.0,0.1530001163482666,0.0,entropy,100,"{'criterion': 'entropy', 'n_estimators': 100}",0.8883059739380605,0.8883059739380605,0.0,5
6,23.232152700424194,0.0,0.708000898361206,0.0,entropy,500,"{'criterion': 'entropy', 'n_estimators': 500}",0.8876480541455162,0.8876480541455162,0.0,6
7,47.25233030319214,0.0,1.4118385314941406,0.0,entropy,1000,"{'criterion': 'entropy', 'n_estimators': 1000}",0.8894901496575631,0.8894901496575631,0.0,3
