,mean_fit_time,std_fit_time,mean_score_time,std_score_time,param_criterion,param_n_estimators,params,split0_test_score,mean_test_score,std_test_score,rank_test_score
0,0.5169963836669922,0.0,0.021000146865844727,0.0,gini,10,"{'criterion': 'gini', 'n_estimators': 10}",0.8717948717948718,0.8717948717948718,0.0,8
1,4.726161003112793,0.0,0.15900230407714844,0.0,gini,100,"{'criterion': 'gini', 'n_estimators': 100}",0.8872524123920771,0.8872524123920771,0.0,6
2,21.54700756072998,0.0,0.7430040836334229,0.0,gini,500,"{'criterion': 'gini', 'n_estimators': 500}",0.8893026404874745,0.8893026404874745,0.0,1
3,43.4711971282959,0.0,1.4889960289001465,0.0,gini,1000,"{'criterion': 'gini', 'n_estimators': 1000}",0.8886444406837027,0.8886444406837027,0.0,2
4,0.5489957332611084,0.0,0.023003101348876953,0.0,entropy,10,"{'criterion': 'entropy', 'n_estimators': 10}",0.8776604948953105,0.8776604948953105,0.0,7
5,5.129159688949585,0.0,0.15200281143188477,0.0,entropy,100,"{'criterion': 'entropy', 'n_estimators': 100}",0.8873108462253783,0.8873108462253783,0.0,5
6,24.108007669448853,0.0,0.71600341796875,0.0,entropy,500,"{'criterion': 'entropy', 'n_estimators': 500}",0.8883064175192357,0.8883064175192357,0.0,3
7,45.84019351005554,0.0,1.4175598621368408,0.0,entropy,1000,"{'criterion': 'entropy', 'n_estimators': 1000}",0.8881183932346723,0.8881183932346723,0.0,4
