,mean_fit_time,std_fit_time,mean_score_time,std_score_time,param_criterion,param_n_estimators,params,split0_test_score,mean_test_score,std_test_score,rank_test_score
0,0.15199804306030273,0.0,0.01200103759765625,0.0,gini,10,"{'criterion': 'gini', 'n_estimators': 10}",0.8674304418985269,0.8674304418985269,0.0,1
1,1.2210004329681396,0.0,0.08300256729125977,0.0,gini,100,"{'criterion': 'gini', 'n_estimators': 100}",0.8674304418985269,0.8674304418985269,0.0,1
2,5.808580160140991,0.0,0.42701244354248047,0.0,gini,500,"{'criterion': 'gini', 'n_estimators': 500}",0.8674304418985269,0.8674304418985269,0.0,1
3,11.275537014007568,0.0,0.8008935451507568,0.0,gini,1000,"{'criterion': 'gini', 'n_estimators': 1000}",0.8674304418985269,0.8674304418985269,0.0,1
4,0.11899924278259277,0.0,0.01100015640258789,0.0,entropy,10,"{'criterion': 'entropy', 'n_estimators': 10}",0.8674304418985269,0.8674304418985269,0.0,1
5,1.171996831893921,0.0,0.08700108528137207,0.0,entropy,100,"{'criterion': 'entropy', 'n_estimators': 100}",0.8674304418985269,0.8674304418985269,0.0,1
6,5.7955780029296875,0.0,0.41201162338256836,0.0,entropy,500,"{'criterion': 'entropy', 'n_estimators': 500}",0.8674304418985269,0.8674304418985269,0.0,1
7,11.105534315109253,0.0,0.7868828773498535,0.0,entropy,1000,"{'criterion': 'entropy', 'n_estimators': 1000}",0.8674304418985269,0.8674304418985269,0.0,1
