,mean_fit_time,std_fit_time,mean_score_time,std_score_time,param_criterion,param_n_estimators,params,split0_test_score,mean_test_score,std_test_score,rank_test_score
0,0.5509974956512451,0.0,0.02100086212158203,0.0,gini,10,"{'criterion': 'gini', 'n_estimators': 10}",0.8781668828361434,0.8781668828361434,0.0,7
1,4.6109983921051025,0.0,0.16699886322021484,0.0,gini,100,"{'criterion': 'gini', 'n_estimators': 100}",0.8875179582523451,0.8875179582523451,0.0,6
2,22.085281372070312,0.0,0.8330032825469971,0.0,gini,500,"{'criterion': 'gini', 'n_estimators': 500}",0.8890955198647507,0.8890955198647507,0.0,2
3,43.16847372055054,0.0,1.5243854522705078,0.0,gini,1000,"{'criterion': 'gini', 'n_estimators': 1000}",0.8886069525501141,0.8886069525501141,0.0,3
4,0.5559995174407959,0.0,0.020999431610107422,0.0,entropy,10,"{'criterion': 'entropy', 'n_estimators': 10}",0.8743405690564732,0.8743405690564732,0.0,8
5,5.020998001098633,0.0,0.1510000228881836,0.0,entropy,100,"{'criterion': 'entropy', 'n_estimators': 100}",0.8877404049817843,0.8877404049817843,0.0,5
6,23.810282707214355,0.0,0.7329990863800049,0.0,entropy,500,"{'criterion': 'entropy', 'n_estimators': 500}",0.8884007772239587,0.8884007772239587,0.0,4
7,46.309860944747925,0.0,1.4664225578308105,0.0,entropy,1000,"{'criterion': 'entropy', 'n_estimators': 1000}",0.8891140950933198,0.8891140950933198,0.0,1
