,mean_fit_time,std_fit_time,mean_score_time,std_score_time,param_criterion,param_n_estimators,params,split0_test_score,mean_test_score,std_test_score,rank_test_score
0,0.4939568042755127,0.0,0.020998716354370117,0.0,gini,10,"{'criterion': 'gini', 'n_estimators': 10}",0.8760801935706879,0.8760801935706879,0.0,7
1,4.728862762451172,0.0,0.17099833488464355,0.0,gini,100,"{'criterion': 'gini', 'n_estimators': 100}",0.8864809955134173,0.8864809955134173,0.0,6
2,21.664339065551758,0.0,0.7784707546234131,0.0,gini,500,"{'criterion': 'gini', 'n_estimators': 500}",0.8872917899720978,0.8872917899720978,0.0,4
3,42.80481147766113,0.0,1.5601630210876465,0.0,gini,1000,"{'criterion': 'gini', 'n_estimators': 1000}",0.8883445945945947,0.8883445945945947,0.0,1
4,0.53395676612854,0.0,0.018999338150024414,0.0,entropy,10,"{'criterion': 'entropy', 'n_estimators': 10}",0.8750538932482539,0.8750538932482539,0.0,8
5,5.138861656188965,0.0,0.1699991226196289,0.0,entropy,100,"{'criterion': 'entropy', 'n_estimators': 100}",0.8871608486180373,0.8871608486180373,0.0,5
6,23.401254415512085,0.0,0.7418341636657715,0.0,entropy,500,"{'criterion': 'entropy', 'n_estimators': 500}",0.8881012658227848,0.8881012658227848,0.0,2
7,45.97697472572327,0.0,1.4809997081756592,0.0,entropy,1000,"{'criterion': 'entropy', 'n_estimators': 1000}",0.8880829889516741,0.8880829889516741,0.0,3
