,mean_fit_time,std_fit_time,mean_score_time,std_score_time,param_criterion,param_n_estimators,params,split0_test_score,mean_test_score,std_test_score,rank_test_score
0,0.5009899139404297,0.0,0.020995140075683594,0.0,gini,10,"{'criterion': 'gini', 'n_estimators': 10}",0.8716128473725219,0.8716128473725219,0.0,8
1,4.583661794662476,0.0,0.16700124740600586,0.0,gini,100,"{'criterion': 'gini', 'n_estimators': 100}",0.8869903569615971,0.8869903569615971,0.0,6
2,21.741557836532593,0.0,0.7920012474060059,0.0,gini,500,"{'criterion': 'gini', 'n_estimators': 500}",0.8876679908714394,0.8876679908714394,0.0,5
3,42.50230097770691,0.0,1.5530002117156982,0.0,gini,1000,"{'criterion': 'gini', 'n_estimators': 1000}",0.888325730697753,0.888325730697753,0.0,4
4,0.6319868564605713,0.0,0.024119853973388672,0.0,entropy,10,"{'criterion': 'entropy', 'n_estimators': 10}",0.8743953006219765,0.8743953006219765,0.0,7
5,4.876661539077759,0.0,0.15800070762634277,0.0,entropy,100,"{'criterion': 'entropy', 'n_estimators': 100}",0.8887197699983088,0.8887197699983088,0.0,1
6,24.214678049087524,0.0,0.755000114440918,0.0,entropy,500,"{'criterion': 'entropy', 'n_estimators': 500}",0.8885514215810342,0.8885514215810342,0.0,2
7,45.86669921875,0.0,1.487462043762207,0.0,entropy,1000,"{'criterion': 'entropy', 'n_estimators': 1000}",0.888513798632796,0.888513798632796,0.0,3
