,mean_fit_time,std_fit_time,mean_score_time,std_score_time,param_criterion,param_n_estimators,params,split0_test_score,mean_test_score,std_test_score,rank_test_score
0,0.5239815711975098,0.0,0.021000146865844727,0.0,gini,10,"{'criterion': 'gini', 'n_estimators': 10}",0.8743491843110032,0.8743491843110032,0.0,7
1,4.755093812942505,0.0,0.16800141334533691,0.0,gini,100,"{'criterion': 'gini', 'n_estimators': 100}",0.8870066068100966,0.8870066068100966,0.0,5
2,21.804091691970825,0.0,0.8062546253204346,0.0,gini,500,"{'criterion': 'gini', 'n_estimators': 500}",0.8881751331248415,0.8881751331248415,0.0,3
3,42.44200348854065,0.0,1.581000804901123,0.0,gini,1000,"{'criterion': 'gini', 'n_estimators': 1000}",0.8883441805426422,0.8883441805426422,0.0,2
4,0.6209812164306641,0.0,0.023999929428100586,0.0,entropy,10,"{'criterion': 'entropy', 'n_estimators': 10}",0.8730419731717871,0.8730419731717871,0.0,8
5,4.964111566543579,0.0,0.16315603256225586,0.0,entropy,100,"{'criterion': 'entropy', 'n_estimators': 100}",0.8856175972927242,0.8856175972927242,0.0,6
6,23.7879741191864,0.0,0.7658767700195312,0.0,entropy,500,"{'criterion': 'entropy', 'n_estimators': 500}",0.887781812040868,0.887781812040868,0.0,4
7,45.38500452041626,0.0,1.5052483081817627,0.0,entropy,1000,"{'criterion': 'entropy', 'n_estimators': 1000}",0.8886261926876635,0.8886261926876635,0.0,1
