,mean_fit_time,std_fit_time,mean_score_time,std_score_time,param_criterion,param_n_estimators,params,split0_test_score,mean_test_score,std_test_score,rank_test_score
0,0.5498948097229004,0.0,0.020998001098632812,0.0,gini,10,"{'criterion': 'gini', 'n_estimators': 10}",0.8722887385042514,0.8722887385042514,0.0,8
1,5.245104074478149,0.0,0.16599678993225098,0.0,gini,100,"{'criterion': 'gini', 'n_estimators': 100}",0.8897357723577235,0.8897357723577235,0.0,1
2,24.572654485702515,0.0,0.7725217342376709,0.0,gini,500,"{'criterion': 'gini', 'n_estimators': 500}",0.8892086330935253,0.8892086330935253,0.0,2
3,47.91072964668274,0.0,1.516613245010376,0.0,gini,1000,"{'criterion': 'gini', 'n_estimators': 1000}",0.8884377907468494,0.8884377907468494,0.0,4
4,0.6598889827728271,0.0,0.01999950408935547,0.0,entropy,10,"{'criterion': 'entropy', 'n_estimators': 10}",0.874935311367949,0.874935311367949,0.0,7
5,5.713114976882935,0.0,0.15900397300720215,0.0,entropy,100,"{'criterion': 'entropy', 'n_estimators': 100}",0.8861788617886179,0.8861788617886179,0.0,6
6,26.29336142539978,0.0,0.7355034351348877,0.0,entropy,500,"{'criterion': 'entropy', 'n_estimators': 500}",0.8881006671733807,0.8881006671733807,0.0,5
7,51.26813006401062,0.0,1.450563907623291,0.0,entropy,1000,"{'criterion': 'entropy', 'n_estimators': 1000}",0.889170254072761,0.889170254072761,0.0,3
