,mean_fit_time,std_fit_time,mean_score_time,std_score_time,param_criterion,param_n_estimators,params,split0_test_score,mean_test_score,std_test_score,rank_test_score
0,0.2559998035430908,0.0,0.017999887466430664,0.0,gini,10,"{'criterion': 'gini', 'n_estimators': 10}",0.8702768587846074,0.8702768587846074,0.0,7
1,2.565294027328491,0.0,0.15000033378601074,0.0,gini,100,"{'criterion': 'gini', 'n_estimators': 100}",0.8815295322635712,0.8815295322635712,0.0,4
2,12.370733499526978,0.0,0.7380025386810303,0.0,gini,500,"{'criterion': 'gini', 'n_estimators': 500}",0.8812345468496888,0.8812345468496888,0.0,5
3,24.583741426467896,0.0,1.4682319164276123,0.0,gini,1000,"{'criterion': 'gini', 'n_estimators': 1000}",0.8804913418067049,0.8804913418067049,0.0,6
4,0.2889993190765381,0.0,0.01799917221069336,0.0,entropy,10,"{'criterion': 'entropy', 'n_estimators': 10}",0.8692019841615177,0.8692019841615177,0.0,8
5,2.8332910537719727,0.0,0.1509997844696045,0.0,entropy,100,"{'criterion': 'entropy', 'n_estimators': 100}",0.8828798089226307,0.8828798089226307,0.0,1
6,13.669729232788086,0.0,0.6930005550384521,0.0,entropy,500,"{'criterion': 'entropy', 'n_estimators': 500}",0.8821474222411589,0.8821474222411589,0.0,2
7,28.549132823944092,0.0,1.3969829082489014,0.0,entropy,1000,"{'criterion': 'entropy', 'n_estimators': 1000}",0.8815901723255417,0.8815901723255417,0.0,3
