,mean_fit_time,std_fit_time,mean_score_time,std_score_time,param_criterion,param_n_estimators,params,split0_test_score,mean_test_score,std_test_score,rank_test_score
0,0.3999950885772705,0.0,0.019999027252197266,0.0,gini,10,"{'criterion': 'gini', 'n_estimators': 10}",0.8712767810485978,0.8712767810485978,0.0,8
1,3.6299946308135986,0.0,0.13900017738342285,0.0,gini,100,"{'criterion': 'gini', 'n_estimators': 100}",0.8830349531116795,0.8830349531116795,0.0,6
2,17.268935203552246,0.0,0.6569983959197998,0.0,gini,500,"{'criterion': 'gini', 'n_estimators': 500}",0.8839581739352206,0.8839581739352206,0.0,4
3,33.89647436141968,0.0,1.3087809085845947,0.0,gini,1000,"{'criterion': 'gini', 'n_estimators': 1000}",0.8836932494473729,0.8836932494473729,0.0,5
4,0.42699432373046875,0.0,0.016999483108520508,0.0,entropy,10,"{'criterion': 'entropy', 'n_estimators': 10}",0.8724458742718024,0.8724458742718024,0.0,7
5,3.897994041442871,0.0,0.13499999046325684,0.0,entropy,100,"{'criterion': 'entropy', 'n_estimators': 100}",0.8858820525912688,0.8858820525912688,0.0,1
6,18.872933864593506,0.0,0.6480019092559814,0.0,entropy,500,"{'criterion': 'entropy', 'n_estimators': 500}",0.884223053383203,0.884223053383203,0.0,3
7,37.51883816719055,0.0,1.2828476428985596,0.0,entropy,1000,"{'criterion': 'entropy', 'n_estimators': 1000}",0.8842624065261726,0.8842624065261726,0.0,2
