,mean_fit_time,std_fit_time,mean_score_time,std_score_time,param_criterion,param_n_estimators,params,split0_test_score,mean_test_score,std_test_score,rank_test_score
0,0.39916491508483887,0.0,0.022004127502441406,0.0,gini,10,"{'criterion': 'gini', 'n_estimators': 10}",0.8727399165507649,0.8727399165507649,0.0,7
1,3.487941265106201,0.0,0.14699792861938477,0.0,gini,100,"{'criterion': 'gini', 'n_estimators': 100}",0.8865996935126852,0.8865996935126852,0.0,3
2,16.589102745056152,0.0,0.6840000152587891,0.0,gini,500,"{'criterion': 'gini', 'n_estimators': 500}",0.8859984697781178,0.8859984697781178,0.0,6
3,32.847113609313965,0.0,1.3648786544799805,0.0,gini,1000,"{'criterion': 'gini', 'n_estimators': 1000}",0.8862071895980284,0.8862071895980284,0.0,5
4,0.40816640853881836,0.0,0.017999649047851562,0.0,entropy,10,"{'criterion': 'entropy', 'n_estimators': 10}",0.8701117318435754,0.8701117318435754,0.0,8
5,3.865938425064087,0.0,0.15900325775146484,0.0,entropy,100,"{'criterion': 'entropy', 'n_estimators': 100}",0.8866172587102821,0.8866172587102821,0.0,2
6,18.123103618621826,0.0,0.6569993495941162,0.0,entropy,500,"{'criterion': 'entropy', 'n_estimators': 500}",0.8870200475705062,0.8870200475705062,0.0,1
7,35.50022101402283,0.0,1.3150677680969238,0.0,entropy,1000,"{'criterion': 'entropy', 'n_estimators': 1000}",0.8865664032628091,0.8865664032628091,0.0,4
