,mean_fit_time,std_fit_time,mean_score_time,std_score_time,param_criterion,param_n_estimators,params,split0_test_score,mean_test_score,std_test_score,rank_test_score
0,0.4240000247955322,0.0,0.01799798011779785,0.0,gini,10,"{'criterion': 'gini', 'n_estimators': 10}",0.873589164785553,0.873589164785553,0.0,7
1,3.577998161315918,0.0,0.14499974250793457,0.0,gini,100,"{'criterion': 'gini', 'n_estimators': 100}",0.8868116927260368,0.8868116927260368,0.0,3
2,16.624846696853638,0.0,0.7089972496032715,0.0,gini,500,"{'criterion': 'gini', 'n_estimators': 500}",0.8869447039836915,0.8869447039836915,0.0,2
3,32.598532915115356,0.0,1.410198450088501,0.0,gini,1000,"{'criterion': 'gini', 'n_estimators': 1000}",0.8871337579617834,0.8871337579617834,0.0,1
4,0.4900021553039551,0.0,0.020995616912841797,0.0,entropy,10,"{'criterion': 'entropy', 'n_estimators': 10}",0.8734232274902132,0.8734232274902132,0.0,8
5,3.998997211456299,0.0,0.1399998664855957,0.0,entropy,100,"{'criterion': 'entropy', 'n_estimators': 100}",0.8859596904498681,0.8859596904498681,0.0,6
6,18.283634901046753,0.0,0.6680009365081787,0.0,entropy,500,"{'criterion': 'entropy', 'n_estimators': 500}",0.8866242038216561,0.8866242038216561,0.0,4
7,35.55137348175049,0.0,1.3464407920837402,0.0,entropy,1000,"{'criterion': 'entropy', 'n_estimators': 1000}",0.8860200441651096,0.8860200441651096,0.0,5
