,mean_fit_time,std_fit_time,mean_score_time,std_score_time,param_criterion,param_n_estimators,params,split0_test_score,mean_test_score,std_test_score,rank_test_score
0,0.40599775314331055,0.0,0.021001815795898438,0.0,gini,10,"{'criterion': 'gini', 'n_estimators': 10}",0.8753467406380029,0.8753467406380029,0.0,8
1,3.491408109664917,0.0,0.15399885177612305,0.0,gini,100,"{'criterion': 'gini', 'n_estimators': 100}",0.8898305084745763,0.8898305084745763,0.0,3
2,16.69727873802185,0.0,0.7380003929138184,0.0,gini,500,"{'criterion': 'gini', 'n_estimators': 500}",0.8897351273588897,0.8897351273588897,0.0,4
3,32.93639636039734,0.0,1.4649994373321533,0.0,gini,1000,"{'criterion': 'gini', 'n_estimators': 1000}",0.8890394714551924,0.8890394714551924,0.0,6
4,0.41899704933166504,0.0,0.020999908447265625,0.0,entropy,10,"{'criterion': 'entropy', 'n_estimators': 10}",0.8765314102007123,0.8765314102007123,0.0,7
5,3.7614095211029053,0.0,0.1459963321685791,0.0,entropy,100,"{'criterion': 'entropy', 'n_estimators': 100}",0.8894157493649449,0.8894157493649449,0.0,5
6,18.927598237991333,0.0,0.7048079967498779,0.0,entropy,500,"{'criterion': 'entropy', 'n_estimators': 500}",0.8907122314329217,0.8907122314329217,0.0,1
7,35.80137634277344,0.0,1.3793692588806152,0.0,entropy,1000,"{'criterion': 'entropy', 'n_estimators': 1000}",0.8901675410390929,0.8901675410390929,0.0,2
