,mean_fit_time,std_fit_time,mean_score_time,std_score_time,param_criterion,param_n_estimators,params,split0_test_score,mean_test_score,std_test_score,rank_test_score
0,0.5150027275085449,0.0,0.017996788024902344,0.0,gini,10,"{'criterion': 'gini', 'n_estimators': 10}",0.8762053687776908,0.8762053687776908,0.0,8
1,4.652996778488159,0.0,0.1510009765625,0.0,gini,100,"{'criterion': 'gini', 'n_estimators': 100}",0.88970026322493,0.88970026322493,0.0,2
2,21.832443952560425,0.0,0.6929998397827148,0.0,gini,500,"{'criterion': 'gini', 'n_estimators': 500}",0.8890961505850432,0.8890961505850432,0.0,5
3,42.68657183647156,0.0,1.3459997177124023,0.0,gini,1000,"{'criterion': 'gini', 'n_estimators': 1000}",0.8880976602238047,0.8880976602238047,0.0,6
4,0.5500028133392334,0.0,0.01700115203857422,0.0,entropy,10,"{'criterion': 'entropy', 'n_estimators': 10}",0.876769431176726,0.876769431176726,0.0,7
5,5.169000864028931,0.0,0.13799691200256348,0.0,entropy,100,"{'criterion': 'entropy', 'n_estimators': 100}",0.889171974522293,0.889171974522293,0.0,4
6,23.229443550109863,0.0,0.6590001583099365,0.0,entropy,500,"{'criterion': 'entropy', 'n_estimators': 500}",0.8895476876164662,0.8895476876164662,0.0,3
7,46.22388434410095,0.0,1.3261685371398926,0.0,entropy,1000,"{'criterion': 'entropy', 'n_estimators': 1000}",0.8899051490514905,0.8899051490514905,0.0,1
