,mean_fit_time,std_fit_time,mean_score_time,std_score_time,param_criterion,param_n_estimators,params,split0_test_score,mean_test_score,std_test_score,rank_test_score
0,0.4579296112060547,0.0,0.018950939178466797,0.0,gini,10,"{'criterion': 'gini', 'n_estimators': 10}",0.8771249889896944,0.8771249889896944,0.0,7
1,4.409108877182007,0.0,0.14979767799377441,0.0,gini,100,"{'criterion': 'gini', 'n_estimators': 100}",0.8914482165878814,0.8914482165878814,0.0,6
2,20.41601848602295,0.0,0.6988427639007568,0.0,gini,500,"{'criterion': 'gini', 'n_estimators': 500}",0.8918617614269787,0.8918617614269787,0.0,4
3,40.35278654098511,0.0,1.4009222984313965,0.0,gini,1000,"{'criterion': 'gini', 'n_estimators': 1000}",0.89247404101948,0.89247404101948,0.0,3
4,0.5496821403503418,0.0,0.02481985092163086,0.0,entropy,10,"{'criterion': 'entropy', 'n_estimators': 10}",0.8769000966523153,0.8769000966523153,0.0,8
5,4.737030744552612,0.0,0.13541007041931152,0.0,entropy,100,"{'criterion': 'entropy', 'n_estimators': 100}",0.8915621240763019,0.8915621240763019,0.0,5
6,22.053096532821655,0.0,0.6725811958312988,0.0,entropy,500,"{'criterion': 'entropy', 'n_estimators': 500}",0.8926456706427529,0.8926456706427529,0.0,2
7,43.46743726730347,0.0,1.3479607105255127,0.0,entropy,1000,"{'criterion': 'entropy', 'n_estimators': 1000}",0.8930041152263374,0.8930041152263374,0.0,1
