,mean_fit_time,std_fit_time,mean_score_time,std_score_time,param_criterion,param_n_estimators,params,split0_test_score,mean_test_score,std_test_score,rank_test_score
0,0.4034123420715332,0.0,0.02986764907836914,0.0,gini,10,"{'criterion': 'gini', 'n_estimators': 10}",0.8801333801333802,0.8801333801333802,0.0,7
1,3.974752187728882,0.0,0.15000033378601074,0.0,gini,100,"{'criterion': 'gini', 'n_estimators': 100}",0.8899776517105037,0.8899776517105037,0.0,6
2,19.20048713684082,0.0,0.7174115180969238,0.0,gini,500,"{'criterion': 'gini', 'n_estimators': 500}",0.8929092000342965,0.8929092000342965,0.0,3
3,37.988889932632446,0.0,1.4280579090118408,0.0,gini,1000,"{'criterion': 'gini', 'n_estimators': 1000}",0.8925903666180132,0.8925903666180132,0.0,4
4,0.4582352638244629,0.0,0.004058361053466797,0.0,entropy,10,"{'criterion': 'entropy', 'n_estimators': 10}",0.8789920377985826,0.8789920377985826,0.0,8
5,4.304056644439697,0.0,0.13495421409606934,0.0,entropy,100,"{'criterion': 'entropy', 'n_estimators': 100}",0.8915621240763019,0.8915621240763019,0.0,5
6,20.679529905319214,0.0,0.7112817764282227,0.0,entropy,500,"{'criterion': 'entropy', 'n_estimators': 500}",0.8931173395045856,0.8931173395045856,0.0,1
7,42.827027559280396,0.0,1.3887567520141602,0.0,entropy,1000,"{'criterion': 'entropy', 'n_estimators': 1000}",0.8930623445673612,0.8930623445673612,0.0,2
