,mean_fit_time,std_fit_time,mean_score_time,std_score_time,param_criterion,param_n_estimators,params,split0_test_score,mean_test_score,std_test_score,rank_test_score
0,0.41909241676330566,0.0,0.029883384704589844,0.0,gini,10,"{'criterion': 'gini', 'n_estimators': 10}",0.8772731265922867,0.8772731265922867,0.0,8
1,4.188122272491455,0.0,0.16145920753479004,0.0,gini,100,"{'criterion': 'gini', 'n_estimators': 100}",0.8911435941530524,0.8911435941530524,0.0,4
2,20.320531845092773,0.0,0.8054404258728027,0.0,gini,500,"{'criterion': 'gini', 'n_estimators': 500}",0.8912521440823328,0.8912521440823328,0.0,2
3,39.03355598449707,0.0,1.4481775760650635,0.0,gini,1000,"{'criterion': 'gini', 'n_estimators': 1000}",0.891213030432919,0.891213030432919,0.0,3
4,0.4788360595703125,0.0,0.017827272415161133,0.0,entropy,10,"{'criterion': 'entropy', 'n_estimators': 10}",0.8774578651685393,0.8774578651685393,0.0,7
5,4.3045971393585205,0.0,0.15686607360839844,0.0,entropy,100,"{'criterion': 'entropy', 'n_estimators': 100}",0.8882595262615861,0.8882595262615861,0.0,6
6,21.098146438598633,0.0,0.7158083915710449,0.0,entropy,500,"{'criterion': 'entropy', 'n_estimators': 500}",0.8917993494264681,0.8917993494264681,0.0,1
7,41.21745800971985,0.0,1.381742000579834,0.0,entropy,1000,"{'criterion': 'entropy', 'n_estimators': 1000}",0.891133173570695,0.891133173570695,0.0,5
