,mean_fit_time,std_fit_time,mean_score_time,std_score_time,param_criterion,param_n_estimators,params,split0_test_score,mean_test_score,std_test_score,rank_test_score
0,0.4197361469268799,0.0,0.004056215286254883,0.0,gini,10,"{'criterion': 'gini', 'n_estimators': 10}",0.8759098482855389,0.8759098482855389,0.0,8
1,3.8917183876037598,0.0,0.14893627166748047,0.0,gini,100,"{'criterion': 'gini', 'n_estimators': 100}",0.8891373527135117,0.8891373527135117,0.0,6
2,18.78481912612915,0.0,0.837094783782959,0.0,gini,500,"{'criterion': 'gini', 'n_estimators': 500}",0.891745950115711,0.891745950115711,0.0,3
3,37.1847128868103,0.0,1.4899139404296875,0.0,gini,1000,"{'criterion': 'gini', 'n_estimators': 1000}",0.891306209850107,0.891306209850107,0.0,5
4,0.47365832328796387,0.0,0.010034799575805664,0.0,entropy,10,"{'criterion': 'entropy', 'n_estimators': 10}",0.8783664847738075,0.8783664847738075,0.0,7
5,4.294856548309326,0.0,0.15645480155944824,0.0,entropy,100,"{'criterion': 'entropy', 'n_estimators': 100}",0.8917339749097783,0.8917339749097783,0.0,4
6,20.889806509017944,0.0,0.7203114032745361,0.0,entropy,500,"{'criterion': 'entropy', 'n_estimators': 500}",0.891910381392167,0.891910381392167,0.0,2
7,40.396984577178955,0.0,1.433912992477417,0.0,entropy,1000,"{'criterion': 'entropy', 'n_estimators': 1000}",0.8919520547945206,0.8919520547945206,0.0,1
