,mean_fit_time,std_fit_time,mean_score_time,std_score_time,param_criterion,param_n_estimators,params,split0_test_score,mean_test_score,std_test_score,rank_test_score
0,0.47310590744018555,0.0,0.006051540374755859,0.0,gini,10,"{'criterion': 'gini', 'n_estimators': 10}",0.8785914505956551,0.8785914505956551,0.0,8
1,4.429627895355225,0.0,0.15039873123168945,0.0,gini,100,"{'criterion': 'gini', 'n_estimators': 100}",0.8908372013065154,0.8908372013065154,0.0,5
2,21.118900775909424,0.0,0.7189133167266846,0.0,gini,500,"{'criterion': 'gini', 'n_estimators': 500}",0.89247404101948,0.89247404101948,0.0,2
3,41.56555390357971,0.0,1.4319217205047607,0.0,gini,1000,"{'criterion': 'gini', 'n_estimators': 1000}",0.892642771394272,0.892642771394272,0.0,1
4,0.5089566707611084,0.0,0.015250682830810547,0.0,entropy,10,"{'criterion': 'entropy', 'n_estimators': 10}",0.8798102266736954,0.8798102266736954,0.0,7
5,4.75697922706604,0.0,0.14963316917419434,0.0,entropy,100,"{'criterion': 'entropy', 'n_estimators': 100}",0.8905848053507116,0.8905848053507116,0.0,6
6,22.683629274368286,0.0,0.693157434463501,0.0,entropy,500,"{'criterion': 'entropy', 'n_estimators': 500}",0.8916488222698074,0.8916488222698074,0.0,4
7,45.121214151382446,0.0,1.3603343963623047,0.0,entropy,1000,"{'criterion': 'entropy', 'n_estimators': 1000}",0.8922206991089787,0.8922206991089787,0.0,3
