,mean_fit_time,std_fit_time,mean_score_time,std_score_time,param_criterion,param_n_estimators,params,split0_test_score,mean_test_score,std_test_score,rank_test_score
0,0.4830436706542969,0.0,0.013046026229858398,0.0,gini,10,"{'criterion': 'gini', 'n_estimators': 10}",0.8781854803397846,0.8781854803397846,0.0,7
1,4.363973140716553,0.0,0.15015339851379395,0.0,gini,100,"{'criterion': 'gini', 'n_estimators': 100}",0.8900523560209423,0.8900523560209423,0.0,6
2,21.003232955932617,0.0,0.7429087162017822,0.0,gini,500,"{'criterion': 'gini', 'n_estimators': 500}",0.8909465020576132,0.8909465020576132,0.0,5
3,41.23795294761658,0.0,1.4527482986450195,0.0,gini,1000,"{'criterion': 'gini', 'n_estimators': 1000}",0.8915745264421017,0.8915745264421017,0.0,4
4,0.5369851589202881,0.0,0.018208980560302734,0.0,entropy,10,"{'criterion': 'entropy', 'n_estimators': 10}",0.8762541806020068,0.8762541806020068,0.0,8
5,4.7848780155181885,0.0,0.1516115665435791,0.0,entropy,100,"{'criterion': 'entropy', 'n_estimators': 100}",0.8916180006870491,0.8916180006870491,0.0,3
6,22.589948415756226,0.0,0.7051825523376465,0.0,entropy,500,"{'criterion': 'entropy', 'n_estimators': 500}",0.8926582712241925,0.8926582712241925,0.0,2
7,44.585227489471436,0.0,1.3929991722106934,0.0,entropy,1000,"{'criterion': 'entropy', 'n_estimators': 1000}",0.892713417244627,0.892713417244627,0.0,1
