,mean_fit_time,std_fit_time,mean_score_time,std_score_time,param_criterion,param_n_estimators,params,split0_test_score,mean_test_score,std_test_score,rank_test_score
0,0.5059831142425537,0.0,0.023906707763671875,0.0,gini,10,"{'criterion': 'gini', 'n_estimators': 10}",0.8788969877930974,0.8788969877930974,0.0,8
1,4.392968416213989,0.0,0.1494431495666504,0.0,gini,100,"{'criterion': 'gini', 'n_estimators': 100}",0.8909871244635192,0.8909871244635192,0.0,6
2,21.112345933914185,0.0,0.7345676422119141,0.0,gini,500,"{'criterion': 'gini', 'n_estimators': 500}",0.892125781852455,0.892125781852455,0.0,2
3,41.6468870639801,0.0,1.4565718173980713,0.0,gini,1000,"{'criterion': 'gini', 'n_estimators': 1000}",0.8917252013020388,0.8917252013020388,0.0,4
4,0.507983922958374,0.0,0.017908334732055664,0.0,entropy,10,"{'criterion': 'entropy', 'n_estimators': 10}",0.8803718645851605,0.8803718645851605,0.0,7
5,4.66342568397522,0.0,0.14519333839416504,0.0,entropy,100,"{'criterion': 'entropy', 'n_estimators': 100}",0.8913267055193692,0.8913267055193692,0.0,5
6,22.66179084777832,0.0,0.7310473918914795,0.0,entropy,500,"{'criterion': 'entropy', 'n_estimators': 500}",0.8924473368727522,0.8924473368727522,0.0,1
7,44.786105155944824,0.0,1.3954222202301025,0.0,entropy,1000,"{'criterion': 'entropy', 'n_estimators': 1000}",0.8920838682071032,0.8920838682071032,0.0,3
