,mean_fit_time,std_fit_time,mean_score_time,std_score_time,param_criterion,param_n_estimators,params,split0_test_score,mean_test_score,std_test_score,rank_test_score
0,0.44958949089050293,0.0,0.030074119567871094,0.0,gini,10,"{'criterion': 'gini', 'n_estimators': 10}",0.8784850078905839,0.8784850078905839,0.0,7
1,4.457584857940674,0.0,0.15775537490844727,0.0,gini,100,"{'criterion': 'gini', 'n_estimators': 100}",0.891808346213292,0.891808346213292,0.0,2
2,21.437037467956543,0.0,0.7334249019622803,0.0,gini,500,"{'criterion': 'gini', 'n_estimators': 500}",0.8910245409301528,0.8910245409301528,0.0,6
3,42.610811948776245,0.0,1.4953267574310303,0.0,gini,1000,"{'criterion': 'gini', 'n_estimators': 1000}",0.8917273896270896,0.8917273896270896,0.0,4
4,0.5394558906555176,0.0,0.022036314010620117,0.0,entropy,10,"{'criterion': 'entropy', 'n_estimators': 10}",0.8763139453398738,0.8763139453398738,0.0,8
5,4.832576513290405,0.0,0.1499617099761963,0.0,entropy,100,"{'criterion': 'entropy', 'n_estimators': 100}",0.8917852855427885,0.8917852855427885,0.0,3
6,23.98086142539978,0.0,0.7190639972686768,0.0,entropy,500,"{'criterion': 'entropy', 'n_estimators': 500}",0.8923129601095702,0.8923129601095702,0.0,1
7,45.428024768829346,0.0,1.4227070808410645,0.0,entropy,1000,"{'criterion': 'entropy', 'n_estimators': 1000}",0.8917230163485407,0.8917230163485407,0.0,5
