,mean_fit_time,std_fit_time,mean_score_time,std_score_time,param_criterion,param_n_estimators,params,split0_test_score,mean_test_score,std_test_score,rank_test_score
0,0.11994504928588867,0.0,0.026834964752197266,0.0,gini,10,"{'criterion': 'gini', 'n_estimators': 10}",0.8649774962493749,0.8649774962493749,0.0,1
1,1.1692354679107666,0.0,0.07420945167541504,0.0,gini,100,"{'criterion': 'gini', 'n_estimators': 100}",0.8649774962493749,0.8649774962493749,0.0,1
2,5.430298089981079,0.0,0.37412142753601074,0.0,gini,500,"{'criterion': 'gini', 'n_estimators': 500}",0.8649774962493749,0.8649774962493749,0.0,1
3,10.987207651138306,0.0,0.7344808578491211,0.0,gini,1000,"{'criterion': 'gini', 'n_estimators': 1000}",0.8649774962493749,0.8649774962493749,0.0,1
4,0.11994504928588867,0.0,0.02583456039428711,0.0,entropy,10,"{'criterion': 'entropy', 'n_estimators': 10}",0.8649774962493749,0.8649774962493749,0.0,1
5,1.2274973392486572,0.0,0.08357954025268555,0.0,entropy,100,"{'criterion': 'entropy', 'n_estimators': 100}",0.8649774962493749,0.8649774962493749,0.0,1
6,5.457979917526245,0.0,0.35830068588256836,0.0,entropy,500,"{'criterion': 'entropy', 'n_estimators': 500}",0.8649774962493749,0.8649774962493749,0.0,1
7,10.509231090545654,0.0,0.7477283477783203,0.0,entropy,1000,"{'criterion': 'entropy', 'n_estimators': 1000}",0.8649774962493749,0.8649774962493749,0.0,1
