,mean_fit_time,std_fit_time,mean_score_time,std_score_time,param_criterion,param_n_estimators,params,split0_test_score,mean_test_score,std_test_score,rank_test_score
0,0.4946415424346924,0.0,0.023853778839111328,0.0,gini,10,"{'criterion': 'gini', 'n_estimators': 10}",0.8790020064555527,0.8790020064555527,0.0,7
1,4.605125427246094,0.0,0.171250581741333,0.0,gini,100,"{'criterion': 'gini', 'n_estimators': 100}",0.8897084048027445,0.8897084048027445,0.0,5
2,21.363170862197876,0.0,0.8042819499969482,0.0,gini,500,"{'criterion': 'gini', 'n_estimators': 500}",0.8910179640718563,0.8910179640718563,0.0,3
3,41.314247608184814,0.0,1.5221905708312988,0.0,gini,1000,"{'criterion': 'gini', 'n_estimators': 1000}",0.890392190443569,0.890392190443569,0.0,4
4,0.5544812679290771,0.0,0.025794267654418945,0.0,entropy,10,"{'criterion': 'entropy', 'n_estimators': 10}",0.8740662624132173,0.8740662624132173,0.0,8
5,4.814279556274414,0.0,0.16475725173950195,0.0,entropy,100,"{'criterion': 'entropy', 'n_estimators': 100}",0.8890795230333705,0.8890795230333705,0.0,6
6,23.322453022003174,0.0,0.9003705978393555,0.0,entropy,500,"{'criterion': 'entropy', 'n_estimators': 500}",0.8918733960650128,0.8918733960650128,0.0,2
7,45.82705760002136,0.0,1.480194091796875,0.0,entropy,1000,"{'criterion': 'entropy', 'n_estimators': 1000}",0.8921207973308238,0.8921207973308238,0.0,1
