,mean_fit_time,std_fit_time,mean_score_time,std_score_time,param_criterion,param_n_estimators,params,split0_test_score,mean_test_score,std_test_score,rank_test_score
0,0.49527812004089355,0.0,0.013054609298706055,0.0,gini,10,"{'criterion': 'gini', 'n_estimators': 10}",0.8746150461944567,0.8746150461944567,0.0,8
1,4.617107629776001,0.0,0.1547865867614746,0.0,gini,100,"{'criterion': 'gini', 'n_estimators': 100}",0.8892706812129543,0.8892706812129543,0.0,4
2,21.852636337280273,0.0,0.9332892894744873,0.0,gini,500,"{'criterion': 'gini', 'n_estimators': 500}",0.8895737031330252,0.8895737031330252,0.0,3
3,41.81690812110901,0.0,1.575073003768921,0.0,gini,1000,"{'criterion': 'gini', 'n_estimators': 1000}",0.889231296010957,0.889231296010957,0.0,5
4,0.5550107955932617,0.0,0.02010369300842285,0.0,entropy,10,"{'criterion': 'entropy', 'n_estimators': 10}",0.8761653474054529,0.8761653474054529,0.0,7
5,4.8017847537994385,0.0,0.16447758674621582,0.0,entropy,100,"{'criterion': 'entropy', 'n_estimators': 100}",0.8890604890604892,0.8890604890604892,0.0,6
6,23.38875675201416,0.0,0.7459373474121094,0.0,entropy,500,"{'criterion': 'entropy', 'n_estimators': 500}",0.8896870189840945,0.8896870189840945,0.0,2
7,45.15211725234985,0.0,1.509009599685669,0.0,entropy,1000,"{'criterion': 'entropy', 'n_estimators': 1000}",0.8914735311724964,0.8914735311724964,0.0,1
