,mean_fit_time,std_fit_time,mean_score_time,std_score_time,param_criterion,param_n_estimators,params,split0_test_score,mean_test_score,std_test_score,rank_test_score
0,0.49544572830200195,0.0,0.02000141143798828,0.0,gini,10,"{'criterion': 'gini', 'n_estimators': 10}",0.8745733041575493,0.8745733041575493,0.0,8
1,4.404899597167969,0.0,0.1721811294555664,0.0,gini,100,"{'criterion': 'gini', 'n_estimators': 100}",0.8877839691384483,0.8877839691384483,0.0,6
2,20.66743516921997,0.0,0.7943902015686035,0.0,gini,500,"{'criterion': 'gini', 'n_estimators': 500}",0.8894028955709758,0.8894028955709758,0.0,5
3,41.473474740982056,0.0,1.5599398612976074,0.0,gini,1000,"{'criterion': 'gini', 'n_estimators': 1000}",0.8899734566315609,0.8899734566315609,0.0,3
4,0.5453510284423828,0.0,0.020853519439697266,0.0,entropy,10,"{'criterion': 'entropy', 'n_estimators': 10}",0.8767843068569928,0.8767843068569928,0.0,7
5,4.642812013626099,0.0,0.15545201301574707,0.0,entropy,100,"{'criterion': 'entropy', 'n_estimators': 100}",0.8895169578622816,0.8895169578622816,0.0,4
6,22.639699459075928,0.0,0.7665929794311523,0.0,entropy,500,"{'criterion': 'entropy', 'n_estimators': 500}",0.8901615522694247,0.8901615522694247,0.0,1
7,44.61153221130371,0.0,1.5072669982910156,0.0,entropy,1000,"{'criterion': 'entropy', 'n_estimators': 1000}",0.8901615522694247,0.8901615522694247,0.0,1
