,mean_fit_time,std_fit_time,mean_score_time,std_score_time,param_criterion,param_n_estimators,params,split0_test_score,mean_test_score,std_test_score,rank_test_score
0,0.5610873699188232,0.0,0.029509544372558594,0.0,gini,10,"{'criterion': 'gini', 'n_estimators': 10}",0.875615763546798,0.875615763546798,0.0,8
1,5.057887077331543,0.0,0.1535196304321289,0.0,gini,100,"{'criterion': 'gini', 'n_estimators': 100}",0.8890414485540203,0.8890414485540203,0.0,6
2,23.79586696624756,0.0,0.7633018493652344,0.0,gini,500,"{'criterion': 'gini', 'n_estimators': 500}",0.8911925976696368,0.8911925976696368,0.0,2
3,47.44419026374817,0.0,1.4952826499938965,0.0,gini,1000,"{'criterion': 'gini', 'n_estimators': 1000}",0.8911925976696368,0.8911925976696368,0.0,2
4,0.6075880527496338,0.0,0.012077569961547852,0.0,entropy,10,"{'criterion': 'entropy', 'n_estimators': 10}",0.8773352132534368,0.8773352132534368,0.0,7
5,5.326035261154175,0.0,0.14667630195617676,0.0,entropy,100,"{'criterion': 'entropy', 'n_estimators': 100}",0.8905673332761137,0.8905673332761137,0.0,5
6,25.529680967330933,0.0,0.7391226291656494,0.0,entropy,500,"{'criterion': 'entropy', 'n_estimators': 500}",0.890849897189856,0.890849897189856,0.0,4
7,50.05406165122986,0.0,1.441037893295288,0.0,entropy,1000,"{'criterion': 'entropy', 'n_estimators': 1000}",0.891343436938094,0.891343436938094,0.0,1
