,mean_fit_time,std_fit_time,mean_score_time,std_score_time,param_criterion,param_n_estimators,params,split0_test_score,mean_test_score,std_test_score,rank_test_score
0,0.27928900718688965,0.0,0.007059335708618164,0.0,gini,10,"{'criterion': 'gini', 'n_estimators': 10}",0.8681376875551633,0.8681376875551633,0.0,8
1,2.481128215789795,0.0,0.15881109237670898,0.0,gini,100,"{'criterion': 'gini', 'n_estimators': 100}",0.8808883490934327,0.8808883490934327,0.0,6
2,12.137291669845581,0.0,0.693526029586792,0.0,gini,500,"{'criterion': 'gini', 'n_estimators': 500}",0.8831641946396045,0.8831641946396045,0.0,3
3,23.788461208343506,0.0,1.4216632843017578,0.0,gini,1000,"{'criterion': 'gini', 'n_estimators': 1000}",0.8832654476124449,0.8832654476124449,0.0,2
4,0.31619691848754883,0.0,0.030104637145996094,0.0,entropy,10,"{'criterion': 'entropy', 'n_estimators': 10}",0.8707482993197279,0.8707482993197279,0.0,7
5,2.738115072250366,0.0,0.12832331657409668,0.0,entropy,100,"{'criterion': 'entropy', 'n_estimators': 100}",0.882205079310046,0.882205079310046,0.0,5
6,13.94715929031372,0.0,0.6889095306396484,0.0,entropy,500,"{'criterion': 'entropy', 'n_estimators': 500}",0.882887561672293,0.882887561672293,0.0,4
7,26.40098762512207,0.0,1.3788976669311523,0.0,entropy,1000,"{'criterion': 'entropy', 'n_estimators': 1000}",0.8836322675678018,0.8836322675678018,0.0,1
