,mean_fit_time,std_fit_time,mean_score_time,std_score_time,param_criterion,param_n_estimators,params,split0_test_score,mean_test_score,std_test_score,rank_test_score
0,0.3831806182861328,0.0,0.007047176361083984,0.0,gini,10,"{'criterion': 'gini', 'n_estimators': 10}",0.8700943645824147,0.8700943645824147,0.0,8
1,3.499789237976074,0.0,0.13565850257873535,0.0,gini,100,"{'criterion': 'gini', 'n_estimators': 100}",0.8854842897948585,0.8854842897948585,0.0,6
2,17.395870447158813,0.0,0.6450440883636475,0.0,gini,500,"{'criterion': 'gini', 'n_estimators': 500}",0.8865658747300216,0.8865658747300216,0.0,2
3,33.429203271865845,0.0,1.292672872543335,0.0,gini,1000,"{'criterion': 'gini', 'n_estimators': 1000}",0.8860847018150388,0.8860847018150388,0.0,4
4,0.41803956031799316,0.0,0.016153573989868164,0.0,entropy,10,"{'criterion': 'entropy', 'n_estimators': 10}",0.8719851576994434,0.8719851576994434,0.0,7
5,3.904247522354126,0.0,0.14943599700927734,0.0,entropy,100,"{'criterion': 'entropy', 'n_estimators': 100}",0.8856203495414432,0.8856203495414432,0.0,5
6,18.724826335906982,0.0,0.6408829689025879,0.0,entropy,500,"{'criterion': 'entropy', 'n_estimators': 500}",0.8866246438131422,0.8866246438131422,0.0,1
7,37.324106216430664,0.0,1.265960693359375,0.0,entropy,1000,"{'criterion': 'entropy', 'n_estimators': 1000}",0.88643233439848,0.88643233439848,0.0,3
