,mean_fit_time,std_fit_time,mean_score_time,std_score_time,param_criterion,param_n_estimators,params,split0_test_score,mean_test_score,std_test_score,rank_test_score
0,0.35994815826416016,0.0,0.013061761856079102,0.0,gini,10,"{'criterion': 'gini', 'n_estimators': 10}",0.8789482971589906,0.8789482971589906,0.0,7
1,3.3338568210601807,0.0,0.14978742599487305,0.0,gini,100,"{'criterion': 'gini', 'n_estimators': 100}",0.8905803996194102,0.8905803996194102,0.0,5
2,16.243908643722534,0.0,0.6893277168273926,0.0,gini,500,"{'criterion': 'gini', 'n_estimators': 500}",0.8920292977165015,0.8920292977165015,0.0,1
3,31.622283220291138,0.0,1.3504745960235596,0.0,gini,1000,"{'criterion': 'gini', 'n_estimators': 1000}",0.8915309726888946,0.8915309726888946,0.0,2
4,0.40327930450439453,0.0,0.023841142654418945,0.0,entropy,10,"{'criterion': 'entropy', 'n_estimators': 10}",0.8761350612712686,0.8761350612712686,0.0,8
5,3.6971867084503174,0.0,0.13945460319519043,0.0,entropy,100,"{'criterion': 'entropy', 'n_estimators': 100}",0.8891961970613655,0.8891961970613655,0.0,6
6,17.70235538482666,0.0,0.654871940612793,0.0,entropy,500,"{'criterion': 'entropy', 'n_estimators': 500}",0.8912425729785586,0.8912425729785586,0.0,3
7,34.55643272399902,0.0,1.33062744140625,0.0,entropy,1000,"{'criterion': 'entropy', 'n_estimators': 1000}",0.8909169177787344,0.8909169177787344,0.0,4
