,mean_fit_time,std_fit_time,mean_score_time,std_score_time,param_criterion,param_n_estimators,params,split0_test_score,mean_test_score,std_test_score,rank_test_score
0,0.5198156833648682,0.0,0.018001079559326172,0.0,gini,10,"{'criterion': 'gini', 'n_estimators': 10}",0.8765518447280993,0.8765518447280993,0.0,7
1,4.3399598598480225,0.0,0.14800095558166504,0.0,gini,100,"{'criterion': 'gini', 'n_estimators': 100}",0.8898399383719936,0.8898399383719936,0.0,6
2,21.476094245910645,0.0,0.6899998188018799,0.0,gini,500,"{'criterion': 'gini', 'n_estimators': 500}",0.8898957086681484,0.8898957086681484,0.0,5
3,41.95127034187317,0.0,1.3856010437011719,0.0,gini,1000,"{'criterion': 'gini', 'n_estimators': 1000}",0.8908453713992648,0.8908453713992648,0.0,3
4,0.5268149375915527,0.0,0.017999887466430664,0.0,entropy,10,"{'criterion': 'entropy', 'n_estimators': 10}",0.8753171756059147,0.8753171756059147,0.0,8
5,4.811960697174072,0.0,0.13899993896484375,0.0,entropy,100,"{'criterion': 'entropy', 'n_estimators': 100}",0.8900102634279851,0.8900102634279851,0.0,4
6,24.13309359550476,0.0,0.6710011959075928,0.0,entropy,500,"{'criterion': 'entropy', 'n_estimators': 500}",0.8909790508764428,0.8909790508764428,0.0,1
7,45.061156034469604,0.0,1.3272686004638672,0.0,entropy,1000,"{'criterion': 'entropy', 'n_estimators': 1000}",0.8909572197079669,0.8909572197079669,0.0,2
