,mean_fit_time,std_fit_time,mean_score_time,std_score_time,param_criterion,param_n_estimators,params,split0_test_score,mean_test_score,std_test_score,rank_test_score
0,0.4649984836578369,0.0,0.020000457763671875,0.0,gini,10,"{'criterion': 'gini', 'n_estimators': 10}",0.8766165676336946,0.8766165676336946,0.0,8
1,4.066997051239014,0.0,0.15900254249572754,0.0,gini,100,"{'criterion': 'gini', 'n_estimators': 100}",0.8903336184773311,0.8903336184773311,0.0,6
2,19.336653470993042,0.0,0.7300012111663818,0.0,gini,500,"{'criterion': 'gini', 'n_estimators': 500}",0.8911872809641851,0.8911872809641851,0.0,2
3,38.262481689453125,0.0,1.4382400512695312,0.0,gini,1000,"{'criterion': 'gini', 'n_estimators': 1000}",0.8914305223625811,0.8914305223625811,0.0,1
4,0.49199986457824707,0.0,0.018999576568603516,0.0,entropy,10,"{'criterion': 'entropy', 'n_estimators': 10}",0.8771868439468159,0.8771868439468159,0.0,7
5,4.399997234344482,0.0,0.14699959754943848,0.0,entropy,100,"{'criterion': 'entropy', 'n_estimators': 100}",0.8910908003758437,0.8910908003758437,0.0,5
6,20.887655019760132,0.0,0.6969974040985107,0.0,entropy,500,"{'criterion': 'entropy', 'n_estimators': 500}",0.8911448558266507,0.8911448558266507,0.0,3
7,43.982707500457764,0.0,1.395597219467163,0.0,entropy,1000,"{'criterion': 'entropy', 'n_estimators': 1000}",0.8911076975593104,0.8911076975593104,0.0,4
