,mean_fit_time,std_fit_time,mean_score_time,std_score_time,param_criterion,param_n_estimators,params,split0_test_score,mean_test_score,std_test_score,rank_test_score
0,0.42499804496765137,0.0,0.01999950408935547,0.0,gini,10,"{'criterion': 'gini', 'n_estimators': 10}",0.8766216804527646,0.8766216804527646,0.0,8
1,4.056119441986084,0.0,0.15299701690673828,0.0,gini,100,"{'criterion': 'gini', 'n_estimators': 100}",0.8886419964105631,0.8886419964105631,0.0,6
2,19.342225313186646,0.0,0.7309978008270264,0.0,gini,500,"{'criterion': 'gini', 'n_estimators': 500}",0.8889457959880496,0.8889457959880496,0.0,5
3,38.221219539642334,0.0,1.45113205909729,0.0,gini,1000,"{'criterion': 'gini', 'n_estimators': 1000}",0.889742276839051,0.889742276839051,0.0,2
4,0.4559962749481201,0.0,0.01799750328063965,0.0,entropy,10,"{'criterion': 'entropy', 'n_estimators': 10}",0.8802233272267296,0.8802233272267296,0.0,7
5,4.327123641967773,0.0,0.14599299430847168,0.0,entropy,100,"{'criterion': 'entropy', 'n_estimators': 100}",0.8899889050098149,0.8899889050098149,0.0,1
6,20.99722170829773,0.0,0.7089977264404297,0.0,entropy,500,"{'criterion': 'entropy', 'n_estimators': 500}",0.88955173001534,0.88955173001534,0.0,3
7,41.57035183906555,0.0,1.3899998664855957,0.0,entropy,1000,"{'criterion': 'entropy', 'n_estimators': 1000}",0.8893054963783554,0.8893054963783554,0.0,4
