,mean_fit_time,std_fit_time,mean_score_time,std_score_time,param_criterion,param_n_estimators,params,split0_test_score,mean_test_score,std_test_score,rank_test_score
0,0.40799641609191895,0.0,0.01999950408935547,0.0,gini,10,"{'criterion': 'gini', 'n_estimators': 10}",0.8771653543307085,0.8771653543307085,0.0,7
1,3.8031864166259766,0.0,0.15900182723999023,0.0,gini,100,"{'criterion': 'gini', 'n_estimators': 100}",0.8881292197248098,0.8881292197248098,0.0,6
2,18.10784125328064,0.0,0.7630014419555664,0.0,gini,500,"{'criterion': 'gini', 'n_estimators': 500}",0.8890974236478417,0.8890974236478417,0.0,5
3,35.954997301101685,0.0,1.5244135856628418,0.0,gini,1000,"{'criterion': 'gini', 'n_estimators': 1000}",0.8895333958884246,0.8895333958884246,0.0,3
4,0.5399951934814453,0.0,0.022001981735229492,0.0,entropy,10,"{'criterion': 'entropy', 'n_estimators': 10}",0.87477060211483,0.87477060211483,0.0,8
5,4.116186141967773,0.0,0.15300226211547852,0.0,entropy,100,"{'criterion': 'entropy', 'n_estimators': 100}",0.890271975445477,0.890271975445477,0.0,1
6,19.566843509674072,0.0,0.7300007343292236,0.0,entropy,500,"{'criterion': 'entropy', 'n_estimators': 500}",0.8897208985704562,0.8897208985704562,0.0,2
7,38.982105016708374,0.0,1.4546215534210205,0.0,entropy,1000,"{'criterion': 'entropy', 'n_estimators': 1000}",0.8892105935450907,0.8892105935450907,0.0,4
