,mean_fit_time,std_fit_time,mean_score_time,std_score_time,param_criterion,param_n_estimators,params,split0_test_score,mean_test_score,std_test_score,rank_test_score
0,0.47099781036376953,0.0,0.01999950408935547,0.0,gini,10,"{'criterion': 'gini', 'n_estimators': 10}",0.8794140727177611,0.8794140727177611,0.0,7
1,4.407471656799316,0.0,0.15199851989746094,0.0,gini,100,"{'criterion': 'gini', 'n_estimators': 100}",0.8891168675728819,0.8891168675728819,0.0,3
2,20.819469928741455,0.0,0.7210001945495605,0.0,gini,500,"{'criterion': 'gini', 'n_estimators': 500}",0.8907864400990522,0.8907864400990522,0.0,2
3,41.33061599731445,0.0,1.437999963760376,0.0,gini,1000,"{'criterion': 'gini', 'n_estimators': 1000}",0.89082373026035,0.89082373026035,0.0,1
4,0.5819981098175049,0.0,0.02200007438659668,0.0,entropy,10,"{'criterion': 'entropy', 'n_estimators': 10}",0.8781127129750983,0.8781127129750983,0.0,8
5,4.653471231460571,0.0,0.14899992942810059,0.0,entropy,100,"{'criterion': 'entropy', 'n_estimators': 100}",0.8885470085470086,0.8885470085470086,0.0,6
6,22.568470001220703,0.0,0.6951460838317871,0.0,entropy,500,"{'criterion': 'entropy', 'n_estimators': 500}",0.8886050076647931,0.8886050076647931,0.0,5
7,44.461726903915405,0.0,1.3777668476104736,0.0,entropy,1000,"{'criterion': 'entropy', 'n_estimators': 1000}",0.8886237750319557,0.8886237750319557,0.0,4
