,mean_fit_time,std_fit_time,mean_score_time,std_score_time,param_criterion,param_n_estimators,params,split0_test_score,mean_test_score,std_test_score,rank_test_score
0,0.49864864349365234,0.0,0.008060693740844727,0.0,gini,10,"{'criterion': 'gini', 'n_estimators': 10}",0.8726732500218474,0.8726732500218474,0.0,8
1,4.533333778381348,0.0,0.14766454696655273,0.0,gini,100,"{'criterion': 'gini', 'n_estimators': 100}",0.8896475206964239,0.8896475206964239,0.0,1
2,21.27414631843567,0.0,0.7344470024108887,0.0,gini,500,"{'criterion': 'gini', 'n_estimators': 500}",0.889552748378286,0.889552748378286,0.0,2
3,42.385021448135376,0.0,1.4612057209014893,0.0,gini,1000,"{'criterion': 'gini', 'n_estimators': 1000}",0.8893627910944298,0.8893627910944298,0.0,3
4,0.5255022048950195,0.0,0.011074304580688477,0.0,entropy,10,"{'criterion': 'entropy', 'n_estimators': 10}",0.876927096942775,0.876927096942775,0.0,7
5,4.671935319900513,0.0,0.14438700675964355,0.0,entropy,100,"{'criterion': 'entropy', 'n_estimators': 100}",0.8893442622950819,0.8893442622950819,0.0,4
6,24.176095008850098,0.0,0.6948587894439697,0.0,entropy,500,"{'criterion': 'entropy', 'n_estimators': 500}",0.8891161680729567,0.8891161680729567,0.0,6
7,45.763853549957275,0.0,1.4019265174865723,0.0,entropy,1000,"{'criterion': 'entropy', 'n_estimators': 1000}",0.8892677521097946,0.8892677521097946,0.0,5
