,mean_fit_time,std_fit_time,mean_score_time,std_score_time,param_criterion,param_n_estimators,params,split0_test_score,mean_test_score,std_test_score,rank_test_score
0,0.5066323280334473,0.0,0.021999835968017578,0.0,gini,10,"{'criterion': 'gini', 'n_estimators': 10}",0.8749890801083253,0.8749890801083253,0.0,8
1,4.405979633331299,0.0,0.1673445701599121,0.0,gini,100,"{'criterion': 'gini', 'n_estimators': 100}",0.8886612021857924,0.8886612021857924,0.0,6
2,21.218029975891113,0.0,0.7412524223327637,0.0,gini,500,"{'criterion': 'gini', 'n_estimators': 500}",0.8894952251023193,0.8894952251023193,0.0,4
3,41.8908417224884,0.0,1.443315029144287,0.0,gini,1000,"{'criterion': 'gini', 'n_estimators': 1000}",0.8894005286944657,0.8894005286944657,0.0,5
4,0.5564818382263184,0.0,0.012072324752807617,0.0,entropy,10,"{'criterion': 'entropy', 'n_estimators': 10}",0.8799511429069969,0.8799511429069969,0.0,7
5,4.902933120727539,0.0,0.15581274032592773,0.0,entropy,100,"{'criterion': 'entropy', 'n_estimators': 100}",0.889742276839051,0.889742276839051,0.0,3
6,23.34707021713257,0.0,0.7024631500244141,0.0,entropy,500,"{'criterion': 'entropy', 'n_estimators': 500}",0.8907992169546345,0.8907992169546345,0.0,1
7,45.19459295272827,0.0,1.4057929515838623,0.0,entropy,1000,"{'criterion': 'entropy', 'n_estimators': 1000}",0.8907605921388464,0.8907605921388464,0.0,2
