,mean_fit_time,std_fit_time,mean_score_time,std_score_time,param_criterion,param_n_estimators,params,split0_test_score,mean_test_score,std_test_score,rank_test_score
0,0.1380000114440918,0.0,0.011000394821166992,0.0,gini,10,"{'criterion': 'gini', 'n_estimators': 10}",0.8659569117277224,0.8659569117277224,0.0,7
1,1.1649971008300781,0.0,0.07999897003173828,0.0,gini,100,"{'criterion': 'gini', 'n_estimators': 100}",0.8677775014507172,0.8677775014507172,0.0,1
2,5.4310972690582275,0.0,0.375,0.0,gini,500,"{'criterion': 'gini', 'n_estimators': 500}",0.8677775014507172,0.8677775014507172,0.0,1
3,10.572368383407593,0.0,0.7463183403015137,0.0,gini,1000,"{'criterion': 'gini', 'n_estimators': 1000}",0.8677775014507172,0.8677775014507172,0.0,1
4,0.140000581741333,0.0,0.015001296997070312,0.0,entropy,10,"{'criterion': 'entropy', 'n_estimators': 10}",0.8659569117277224,0.8659569117277224,0.0,7
5,1.1189944744110107,0.0,0.07999968528747559,0.0,entropy,100,"{'criterion': 'entropy', 'n_estimators': 100}",0.8677775014507172,0.8677775014507172,0.0,1
6,5.255094528198242,0.0,0.37600183486938477,0.0,entropy,500,"{'criterion': 'entropy', 'n_estimators': 500}",0.8677775014507172,0.8677775014507172,0.0,1
7,10.522368669509888,0.0,0.7523224353790283,0.0,entropy,1000,"{'criterion': 'entropy', 'n_estimators': 1000}",0.8677775014507172,0.8677775014507172,0.0,1
