,mean_fit_time,std_fit_time,mean_score_time,std_score_time,param_criterion,param_n_estimators,params,split0_test_score,mean_test_score,std_test_score,rank_test_score
0,0.46865200996398926,0.0,0.01106405258178711,0.0,gini,10,"{'criterion': 'gini', 'n_estimators': 10}",0.8760837201155969,0.8760837201155969,0.0,7
1,4.5042688846588135,0.0,0.16434669494628906,0.0,gini,100,"{'criterion': 'gini', 'n_estimators': 100}",0.8886798905608756,0.8886798905608756,0.0,6
2,21.68724250793457,0.0,0.7544887065887451,0.0,gini,500,"{'criterion': 'gini', 'n_estimators': 500}",0.8901970821602253,0.8901970821602253,0.0,3
3,42.02173972129822,0.0,1.4960005283355713,0.0,gini,1000,"{'criterion': 'gini', 'n_estimators': 1000}",0.8894193878421008,0.8894193878421008,0.0,5
4,0.47971606254577637,0.0,0.025764942169189453,0.0,entropy,10,"{'criterion': 'entropy', 'n_estimators': 10}",0.8719965050240279,0.8719965050240279,0.0,8
5,4.895431041717529,0.0,0.1451573371887207,0.0,entropy,100,"{'criterion': 'entropy', 'n_estimators': 100}",0.889589905362776,0.889589905362776,0.0,4
6,23.534262657165527,0.0,0.7164359092712402,0.0,entropy,500,"{'criterion': 'entropy', 'n_estimators': 500}",0.8903852710535288,0.8903852710535288,0.0,1
7,45.42706799507141,0.0,1.4533088207244873,0.0,entropy,1000,"{'criterion': 'entropy', 'n_estimators': 1000}",0.8902127659574468,0.8902127659574468,0.0,2
