,mean_fit_time,std_fit_time,mean_score_time,std_score_time,param_criterion,param_n_estimators,params,split0_test_score,mean_test_score,std_test_score,rank_test_score
0,0.4834611415863037,0.0,0.025673389434814453,0.0,gini,10,"{'criterion': 'gini', 'n_estimators': 10}",0.8769754649436828,0.8769754649436828,0.0,7
1,4.53245210647583,0.0,0.16153478622436523,0.0,gini,100,"{'criterion': 'gini', 'n_estimators': 100}",0.8900273224043715,0.8900273224043715,0.0,1
2,21.525484085083008,0.0,0.8845508098602295,0.0,gini,500,"{'criterion': 'gini', 'n_estimators': 500}",0.8892488703214255,0.8892488703214255,0.0,2
3,41.71546649932861,0.0,1.52223539352417,0.0,gini,1000,"{'criterion': 'gini', 'n_estimators': 1000}",0.8891350660417555,0.8891350660417555,0.0,3
4,0.5991387367248535,0.0,0.014023065567016602,0.0,entropy,10,"{'criterion': 'entropy', 'n_estimators': 10}",0.8718892393971258,0.8718892393971258,0.0,8
5,4.785599231719971,0.0,0.16655182838439941,0.0,entropy,100,"{'criterion': 'entropy', 'n_estimators': 100}",0.8875820335804995,0.8875820335804995,0.0,6
6,23.575409650802612,0.0,0.763139009475708,0.0,entropy,500,"{'criterion': 'entropy', 'n_estimators': 500}",0.8889267171674186,0.8889267171674186,0.0,4
7,44.918222427368164,0.0,1.474778413772583,0.0,entropy,1000,"{'criterion': 'entropy', 'n_estimators': 1000}",0.8887565912570163,0.8887565912570163,0.0,5
