,mean_fit_time,std_fit_time,mean_score_time,std_score_time,param_criterion,param_n_estimators,params,split0_test_score,mean_test_score,std_test_score,rank_test_score
0,0.5001740455627441,0.0,0.02099919319152832,0.0,gini,10,"{'criterion': 'gini', 'n_estimators': 10}",0.8742892135421224,0.8742892135421224,0.0,7
1,4.4609456062316895,0.0,0.1725454330444336,0.0,gini,100,"{'criterion': 'gini', 'n_estimators': 100}",0.8892120797330824,0.8892120797330824,0.0,2
2,21.487948179244995,0.0,0.7817850112915039,0.0,gini,500,"{'criterion': 'gini', 'n_estimators': 500}",0.888680371918451,0.888680371918451,0.0,4
3,41.39343333244324,0.0,1.5613250732421875,0.0,gini,1000,"{'criterion': 'gini', 'n_estimators': 1000}",0.888282914358756,0.888282914358756,0.0,6
4,0.5792739391326904,0.0,0.020165681838989258,0.0,entropy,10,"{'criterion': 'entropy', 'n_estimators': 10}",0.8726320384111742,0.8726320384111742,0.0,8
5,4.865704774856567,0.0,0.14904999732971191,0.0,entropy,100,"{'criterion': 'entropy', 'n_estimators': 100}",0.8886050076647931,0.8886050076647931,0.0,5
6,23.05937695503235,0.0,0.7372303009033203,0.0,entropy,500,"{'criterion': 'entropy', 'n_estimators': 500}",0.889021175270006,0.889021175270006,0.0,3
7,44.79284429550171,0.0,1.4991934299468994,0.0,entropy,1000,"{'criterion': 'entropy', 'n_estimators': 1000}",0.8897584212317113,0.8897584212317113,0.0,1
