,mean_fit_time,std_fit_time,mean_score_time,std_score_time,param_criterion,param_n_estimators,params,split0_test_score,mean_test_score,std_test_score,rank_test_score
0,0.4569966793060303,0.0,0.028937101364135742,0.0,gini,10,"{'criterion': 'gini', 'n_estimators': 10}",0.8748472682841683,0.8748472682841683,0.0,7
1,4.258137941360474,0.0,0.1688385009765625,0.0,gini,100,"{'criterion': 'gini', 'n_estimators': 100}",0.886289909509988,0.886289909509988,0.0,6
2,20.48080611228943,0.0,0.807600736618042,0.0,gini,500,"{'criterion': 'gini', 'n_estimators': 500}",0.8889835562750277,0.8889835562750277,0.0,2
3,40.48993420600891,0.0,1.574857473373413,0.0,gini,1000,"{'criterion': 'gini', 'n_estimators': 1000}",0.8895700297999148,0.8895700297999148,0.0,1
4,0.516826868057251,0.0,0.026814699172973633,0.0,entropy,10,"{'criterion': 'entropy', 'n_estimators': 10}",0.8705820752247142,0.8705820752247142,0.0,8
5,4.6295084953308105,0.0,0.20458006858825684,0.0,entropy,100,"{'criterion': 'entropy', 'n_estimators': 100}",0.8887375500127692,0.8887375500127692,0.0,3
6,22.991307497024536,0.0,0.7732243537902832,0.0,entropy,500,"{'criterion': 'entropy', 'n_estimators': 500}",0.8881142662812447,0.8881142662812447,0.0,5
7,43.38767123222351,0.0,1.5255024433135986,0.0,entropy,1000,"{'criterion': 'entropy', 'n_estimators': 1000}",0.8885869565217391,0.8885869565217391,0.0,4
