,mean_fit_time,std_fit_time,mean_score_time,std_score_time,param_criterion,param_n_estimators,params,split0_test_score,mean_test_score,std_test_score,rank_test_score
0,0.568126916885376,0.0,0.02278447151184082,0.0,gini,10,"{'criterion': 'gini', 'n_estimators': 10}",0.8754355400696865,0.8754355400696865,0.0,7
1,4.936282157897949,0.0,0.17260050773620605,0.0,gini,100,"{'criterion': 'gini', 'n_estimators': 100}",0.8873912301655008,0.8873912301655008,0.0,6
2,24.337865114212036,0.0,0.7636251449584961,0.0,gini,500,"{'criterion': 'gini', 'n_estimators': 500}",0.8883391623304615,0.8883391623304615,0.0,5
3,46.90537881851196,0.0,1.5032854080200195,0.0,gini,1000,"{'criterion': 'gini', 'n_estimators': 1000}",0.8889268042996076,0.8889268042996076,0.0,4
4,0.6138210296630859,0.0,0.014061927795410156,0.0,entropy,10,"{'criterion': 'entropy', 'n_estimators': 10}",0.871745587978333,0.871745587978333,0.0,8
5,5.428933143615723,0.0,0.1583240032196045,0.0,entropy,100,"{'criterion': 'entropy', 'n_estimators': 100}",0.8898933901918976,0.8898933901918976,0.0,3
6,25.893640279769897,0.0,0.7401187419891357,0.0,entropy,500,"{'criterion': 'entropy', 'n_estimators': 500}",0.8911396714614009,0.8911396714614009,0.0,1
7,50.098254442214966,0.0,1.4466345310211182,0.0,entropy,1000,"{'criterion': 'entropy', 'n_estimators': 1000}",0.8910654969764075,0.8910654969764075,0.0,2
