,mean_fit_time,std_fit_time,mean_score_time,std_score_time,param_criterion,param_n_estimators,params,split0_test_score,mean_test_score,std_test_score,rank_test_score
0,0.24500203132629395,0.0,0.01999831199645996,0.0,gini,10,"{'criterion': 'gini', 'n_estimators': 10}",0.8620117102158524,0.8620117102158524,0.0,8
1,2.0497119426727295,0.0,0.13899660110473633,0.0,gini,100,"{'criterion': 'gini', 'n_estimators': 100}",0.8664755451307445,0.8664755451307445,0.0,6
2,9.798709630966187,0.0,0.6619999408721924,0.0,gini,500,"{'criterion': 'gini', 'n_estimators': 500}",0.8672735153879497,0.8672735153879497,0.0,4
3,19.421748161315918,0.0,1.312864065170288,0.0,gini,1000,"{'criterion': 'gini', 'n_estimators': 1000}",0.8689475963620615,0.8689475963620615,0.0,1
4,0.23800206184387207,0.0,0.020000219345092773,0.0,entropy,10,"{'criterion': 'entropy', 'n_estimators': 10}",0.8632754558939011,0.8632754558939011,0.0,7
5,2.1557092666625977,0.0,0.1380019187927246,0.0,entropy,100,"{'criterion': 'entropy', 'n_estimators': 100}",0.8666203542896839,0.8666203542896839,0.0,5
6,10.32770562171936,0.0,0.6470000743865967,0.0,entropy,500,"{'criterion': 'entropy', 'n_estimators': 500}",0.8674469007368877,0.8674469007368877,0.0,3
7,20.47545099258423,0.0,1.3072161674499512,0.0,entropy,1000,"{'criterion': 'entropy', 'n_estimators': 1000}",0.8686763686763685,0.8686763686763685,0.0,2
