,mean_fit_time,std_fit_time,mean_score_time,std_score_time,param_criterion,param_n_estimators,params,split0_test_score,mean_test_score,std_test_score,rank_test_score
0,0.2502427101135254,0.0,0.021001100540161133,0.0,gini,10,"{'criterion': 'gini', 'n_estimators': 10}",0.8692449355432782,0.8692449355432782,0.0,8
1,2.4742419719696045,0.0,0.14700078964233398,0.0,gini,100,"{'criterion': 'gini', 'n_estimators': 100}",0.8821351700387431,0.8821351700387431,0.0,5
2,12.098241567611694,0.0,0.712519645690918,0.0,gini,500,"{'criterion': 'gini', 'n_estimators': 500}",0.8830409356725146,0.8830409356725146,0.0,1
3,24.037882089614868,0.0,1.4099998474121094,0.0,gini,1000,"{'criterion': 'gini', 'n_estimators': 1000}",0.8828286304198212,0.8828286304198212,0.0,2
4,0.32624268531799316,0.0,0.01799917221069336,0.0,entropy,10,"{'criterion': 'entropy', 'n_estimators': 10}",0.8721685689201053,0.8721685689201053,0.0,7
5,2.8092424869537354,0.0,0.14300179481506348,0.0,entropy,100,"{'criterion': 'entropy', 'n_estimators': 100}",0.8813559322033898,0.8813559322033898,0.0,6
6,14.224180221557617,0.0,0.6859993934631348,0.0,entropy,500,"{'criterion': 'entropy', 'n_estimators': 500}",0.8822770659558001,0.8822770659558001,0.0,4
7,26.560120582580566,0.0,1.38161301612854,0.0,entropy,1000,"{'criterion': 'entropy', 'n_estimators': 1000}",0.8825096691018479,0.8825096691018479,0.0,3
