,mean_fit_time,std_fit_time,mean_score_time,std_score_time,param_criterion,param_n_estimators,params,split0_test_score,mean_test_score,std_test_score,rank_test_score
0,0.392991304397583,0.0,0.022001028060913086,0.0,gini,10,"{'criterion': 'gini', 'n_estimators': 10}",0.8733111072117914,0.8733111072117914,0.0,8
1,3.3158950805664062,0.0,0.14100050926208496,0.0,gini,100,"{'criterion': 'gini', 'n_estimators': 100}",0.8858101712417176,0.8858101712417176,0.0,4
2,16.065003156661987,0.0,0.6745052337646484,0.0,gini,500,"{'criterion': 'gini', 'n_estimators': 500}",0.8869833647744813,0.8869833647744813,0.0,1
3,31.935506105422974,0.0,1.3480002880096436,0.0,gini,1000,"{'criterion': 'gini', 'n_estimators': 1000}",0.8866386338281987,0.8866386338281987,0.0,2
4,0.3799910545349121,0.0,0.020999908447265625,0.0,entropy,10,"{'criterion': 'entropy', 'n_estimators': 10}",0.8751974723538706,0.8751974723538706,0.0,7
5,3.6088950634002686,0.0,0.13400006294250488,0.0,entropy,100,"{'criterion': 'entropy', 'n_estimators': 100}",0.88473466574776,0.88473466574776,0.0,6
6,17.59251308441162,0.0,0.6640009880065918,0.0,entropy,500,"{'criterion': 'entropy', 'n_estimators': 500}",0.8849390348617552,0.8849390348617552,0.0,5
7,36.69077110290527,0.0,1.3032872676849365,0.0,entropy,1000,"{'criterion': 'entropy', 'n_estimators': 1000}",0.8862583633556356,0.8862583633556356,0.0,3
