,mean_fit_time,std_fit_time,mean_score_time,std_score_time,param_criterion,param_n_estimators,params,split0_test_score,mean_test_score,std_test_score,rank_test_score
0,0.3579883575439453,0.0,0.023004531860351562,0.0,gini,10,"{'criterion': 'gini', 'n_estimators': 10}",0.8760766391281422,0.8760766391281422,0.0,7
1,3.2964799404144287,0.0,0.14400029182434082,0.0,gini,100,"{'criterion': 'gini', 'n_estimators': 100}",0.8868506771815532,0.8868506771815532,0.0,6
2,15.926042079925537,0.0,0.7010014057159424,0.0,gini,500,"{'criterion': 'gini', 'n_estimators': 500}",0.8873082526351873,0.8873082526351873,0.0,4
3,31.557032585144043,0.0,1.3610002994537354,0.0,gini,1000,"{'criterion': 'gini', 'n_estimators': 1000}",0.8871755332819325,0.8871755332819325,0.0,5
4,0.443997859954834,0.0,0.02200031280517578,0.0,entropy,10,"{'criterion': 'entropy', 'n_estimators': 10}",0.8757334267448988,0.8757334267448988,0.0,8
5,3.655480146408081,0.0,0.13800382614135742,0.0,entropy,100,"{'criterion': 'entropy', 'n_estimators': 100}",0.8878408506259646,0.8878408506259646,0.0,2
6,17.633042335510254,0.0,0.7599999904632568,0.0,entropy,500,"{'criterion': 'entropy', 'n_estimators': 500}",0.8876895399640196,0.8876895399640196,0.0,3
7,35.0439817905426,0.0,1.3230009078979492,0.0,entropy,1000,"{'criterion': 'entropy', 'n_estimators': 1000}",0.8881849315068492,0.8881849315068492,0.0,1
