,mean_fit_time,std_fit_time,mean_score_time,std_score_time,param_criterion,param_n_estimators,params,split0_test_score,mean_test_score,std_test_score,rank_test_score
0,0.38332200050354004,0.0,0.01900029182434082,0.0,gini,10,"{'criterion': 'gini', 'n_estimators': 10}",0.8770455937691433,0.8770455937691433,0.0,8
1,3.431320905685425,0.0,0.14600062370300293,0.0,gini,100,"{'criterion': 'gini', 'n_estimators': 100}",0.8916837782340863,0.8916837782340863,0.0,5
2,16.475142240524292,0.0,0.7050011157989502,0.0,gini,500,"{'criterion': 'gini', 'n_estimators': 500}",0.8918341171440787,0.8918341171440787,0.0,3
3,32.64614248275757,0.0,1.3969998359680176,0.0,gini,1000,"{'criterion': 'gini', 'n_estimators': 1000}",0.8917763720294067,0.8917763720294067,0.0,4
4,0.46332287788391113,0.0,0.021997690200805664,0.0,entropy,10,"{'criterion': 'entropy', 'n_estimators': 10}",0.8788752074054668,0.8788752074054668,0.0,7
5,3.7413206100463867,0.0,0.14100027084350586,0.0,entropy,100,"{'criterion': 'entropy', 'n_estimators': 100}",0.8889079082505992,0.8889079082505992,0.0,6
6,17.824143171310425,0.0,0.6740002632141113,0.0,entropy,500,"{'criterion': 'entropy', 'n_estimators': 500}",0.8920998632010945,0.8920998632010945,0.0,1
7,35.395551919937134,0.0,1.3436894416809082,0.0,entropy,1000,"{'criterion': 'entropy', 'n_estimators': 1000}",0.8920789541143297,0.8920789541143297,0.0,2
