,mean_fit_time,std_fit_time,mean_score_time,std_score_time,param_criterion,param_n_estimators,params,split0_test_score,mean_test_score,std_test_score,rank_test_score
0,0.47399449348449707,0.0,0.021004676818847656,0.0,gini,10,"{'criterion': 'gini', 'n_estimators': 10}",0.8740805604203152,0.8740805604203152,0.0,8
1,4.389201641082764,0.0,0.14100050926208496,0.0,gini,100,"{'criterion': 'gini', 'n_estimators': 100}",0.8903557651093014,0.8903557651093014,0.0,6
2,21.414830923080444,0.0,0.6780016422271729,0.0,gini,500,"{'criterion': 'gini', 'n_estimators': 500}",0.891496103451229,0.891496103451229,0.0,1
3,42.24788212776184,0.0,1.3474986553192139,0.0,gini,1000,"{'criterion': 'gini', 'n_estimators': 1000}",0.8910569105691056,0.8910569105691056,0.0,4
4,0.5019943714141846,0.0,0.016999483108520508,0.0,entropy,10,"{'criterion': 'entropy', 'n_estimators': 10}",0.8803785820699326,0.8803785820699326,0.0,7
5,4.791200160980225,0.0,0.13899993896484375,0.0,entropy,100,"{'criterion': 'entropy', 'n_estimators': 100}",0.8912503213642985,0.8912503213642985,0.0,2
6,23.042830228805542,0.0,0.6530001163482666,0.0,entropy,500,"{'criterion': 'entropy', 'n_estimators': 500}",0.8910738714090288,0.8910738714090288,0.0,3
7,45.569053173065186,0.0,1.3099908828735352,0.0,entropy,1000,"{'criterion': 'entropy', 'n_estimators': 1000}",0.8907131862493587,0.8907131862493587,0.0,5
