,mean_fit_time,std_fit_time,mean_score_time,std_score_time,param_criterion,param_n_estimators,params,split0_test_score,mean_test_score,std_test_score,rank_test_score
0,0.5419981479644775,0.0,0.018000125885009766,0.0,gini,10,"{'criterion': 'gini', 'n_estimators': 10}",0.8759940575024031,0.8759940575024031,0.0,8
1,4.613997936248779,0.0,0.1490015983581543,0.0,gini,100,"{'criterion': 'gini', 'n_estimators': 100}",0.8868653895713426,0.8868653895713426,0.0,6
2,21.494003772735596,0.0,0.6979928016662598,0.0,gini,500,"{'criterion': 'gini', 'n_estimators': 500}",0.8887172887172887,0.8887172887172887,0.0,3
3,42.31597566604614,0.0,1.378000259399414,0.0,gini,1000,"{'criterion': 'gini', 'n_estimators': 1000}",0.88862213838635,0.88862213838635,0.0,4
4,0.5759978294372559,0.0,0.020000934600830078,0.0,entropy,10,"{'criterion': 'entropy', 'n_estimators': 10}",0.8762320104666377,0.8762320104666377,0.0,7
5,4.90000057220459,0.0,0.14099740982055664,0.0,entropy,100,"{'criterion': 'entropy', 'n_estimators': 100}",0.8877069571931029,0.8877069571931029,0.0,5
6,23.73299527168274,0.0,0.6679997444152832,0.0,entropy,500,"{'criterion': 'entropy', 'n_estimators': 500}",0.8894028955709758,0.8894028955709758,0.0,1
7,45.57105231285095,0.0,1.343001365661621,0.0,entropy,1000,"{'criterion': 'entropy', 'n_estimators': 1000}",0.8893649841460278,0.8893649841460278,0.0,2
