,mean_fit_time,std_fit_time,mean_score_time,std_score_time,param_criterion,param_n_estimators,params,split0_test_score,mean_test_score,std_test_score,rank_test_score
0,0.5009987354278564,0.0,0.019000530242919922,0.0,gini,10,"{'criterion': 'gini', 'n_estimators': 10}",0.8739023533544082,0.8739023533544082,0.0,8
1,4.498055458068848,0.0,0.15799736976623535,0.0,gini,100,"{'criterion': 'gini', 'n_estimators': 100}",0.886484629915851,0.886484629915851,0.0,6
2,21.685053825378418,0.0,0.8120007514953613,0.0,gini,500,"{'criterion': 'gini', 'n_estimators': 500}",0.8887364992285273,0.8887364992285273,0.0,5
3,42.57272243499756,0.0,1.4070000648498535,0.0,gini,1000,"{'criterion': 'gini', 'n_estimators': 1000}",0.8898029134532991,0.8898029134532991,0.0,4
4,0.5789976119995117,0.0,0.018000125885009766,0.0,entropy,10,"{'criterion': 'entropy', 'n_estimators': 10}",0.8778652668416449,0.8778652668416449,0.0,7
5,4.8090479373931885,0.0,0.14400029182434082,0.0,entropy,100,"{'criterion': 'entropy', 'n_estimators': 100}",0.8899373766835378,0.8899373766835378,0.0,3
6,23.54805064201355,0.0,0.7480010986328125,0.0,entropy,500,"{'criterion': 'entropy', 'n_estimators': 500}",0.8904297209381955,0.8904297209381955,0.0,2
7,46.181721448898315,0.0,1.3590006828308105,0.0,entropy,1000,"{'criterion': 'entropy', 'n_estimators': 1000}",0.8914383561643836,0.8914383561643836,0.0,1
