,mean_fit_time,std_fit_time,mean_score_time,std_score_time,param_criterion,param_n_estimators,params,split0_test_score,mean_test_score,std_test_score,rank_test_score
0,0.5239975452423096,0.0,0.021003246307373047,0.0,gini,10,"{'criterion': 'gini', 'n_estimators': 10}",0.8769567118495847,0.8769567118495847,0.0,8
1,4.430999279022217,0.0,0.16800236701965332,0.0,gini,100,"{'criterion': 'gini', 'n_estimators': 100}",0.8892513736263736,0.8892513736263736,0.0,5
2,20.471999406814575,0.0,0.7259979248046875,0.0,gini,500,"{'criterion': 'gini', 'n_estimators': 500}",0.8890220928241137,0.8890220928241137,0.0,6
3,39.779000997543335,0.0,1.4659976959228516,0.0,gini,1000,"{'criterion': 'gini', 'n_estimators': 1000}",0.8895358794314094,0.8895358794314094,0.0,4
4,0.5379989147186279,0.0,0.02000117301940918,0.0,entropy,10,"{'criterion': 'entropy', 'n_estimators': 10}",0.877104230266027,0.877104230266027,0.0,7
5,4.765998601913452,0.0,0.14600038528442383,0.0,entropy,100,"{'criterion': 'entropy', 'n_estimators': 100}",0.8897266729500471,0.8897266729500471,0.0,3
6,21.939995765686035,0.0,0.7009987831115723,0.0,entropy,500,"{'criterion': 'entropy', 'n_estimators': 500}",0.8900496660387052,0.8900496660387052,0.0,2
7,43.48612976074219,0.0,1.396003007888794,0.0,entropy,1000,"{'criterion': 'entropy', 'n_estimators': 1000}",0.8900675849088886,0.8900675849088886,0.0,1
