,mean_fit_time,std_fit_time,mean_score_time,std_score_time,param_criterion,param_n_estimators,params,split0_test_score,mean_test_score,std_test_score,rank_test_score
0,0.4779965877532959,0.0,0.024000883102416992,0.0,gini,10,"{'criterion': 'gini', 'n_estimators': 10}",0.8758831225468819,0.8758831225468819,0.0,7
1,4.598011255264282,0.0,0.1790006160736084,0.0,gini,100,"{'criterion': 'gini', 'n_estimators': 100}",0.8885462177674975,0.8885462177674975,0.0,6
2,21.544310808181763,0.0,0.8160250186920166,0.0,gini,500,"{'criterion': 'gini', 'n_estimators': 500}",0.8896298196118663,0.8896298196118663,0.0,4
3,41.27956008911133,0.0,1.4370853900909424,0.0,gini,1000,"{'criterion': 'gini', 'n_estimators': 1000}",0.8900094009059056,0.8900094009059056,0.0,3
4,0.539996862411499,0.0,0.023000717163085938,0.0,entropy,10,"{'criterion': 'entropy', 'n_estimators': 10}",0.8750979197493255,0.8750979197493255,0.0,8
5,5.061010360717773,0.0,0.16699981689453125,0.0,entropy,100,"{'criterion': 'entropy', 'n_estimators': 100}",0.8894772804919713,0.8894772804919713,0.0,5
6,23.363912343978882,0.0,0.7150559425354004,0.0,entropy,500,"{'criterion': 'entropy', 'n_estimators': 500}",0.8903688524590163,0.8903688524590163,0.0,2
7,44.522319316864014,0.0,1.4177820682525635,0.0,entropy,1000,"{'criterion': 'entropy', 'n_estimators': 1000}",0.8904249871991807,0.8904249871991807,0.0,1
