,mean_fit_time,std_fit_time,mean_score_time,std_score_time,param_criterion,param_n_estimators,params,split0_test_score,mean_test_score,std_test_score,rank_test_score
0,0.42999982833862305,0.0,0.019999265670776367,0.0,gini,10,"{'criterion': 'gini', 'n_estimators': 10}",0.8755462331760183,0.8755462331760183,0.0,7
1,4.043010234832764,0.0,0.16400146484375,0.0,gini,100,"{'criterion': 'gini', 'n_estimators': 100}",0.8893828004787143,0.8893828004787143,0.0,4
2,19.98876452445984,0.0,0.8180088996887207,0.0,gini,500,"{'criterion': 'gini', 'n_estimators': 500}",0.8905756929637526,0.8905756929637526,0.0,1
3,38.26777505874634,0.0,1.498000144958496,0.0,gini,1000,"{'criterion': 'gini', 'n_estimators': 1000}",0.889382420773896,0.889382420773896,0.0,5
4,0.46099352836608887,0.0,0.018999099731445312,0.0,entropy,10,"{'criterion': 'entropy', 'n_estimators': 10}",0.8740844087896757,0.8740844087896757,0.0,8
5,4.241002082824707,0.0,0.14602208137512207,0.0,entropy,100,"{'criterion': 'entropy', 'n_estimators': 100}",0.8882996920971604,0.8882996920971604,0.0,6
6,21.560771703720093,0.0,0.7609992027282715,0.0,entropy,500,"{'criterion': 'entropy', 'n_estimators': 500}",0.889798703514159,0.889798703514159,0.0,3
7,41.5967857837677,0.0,1.4370012283325195,0.0,entropy,1000,"{'criterion': 'entropy', 'n_estimators': 1000}",0.8904436860068259,0.8904436860068259,0.0,2
