,mean_fit_time,std_fit_time,mean_score_time,std_score_time,param_criterion,param_n_estimators,params,split0_test_score,mean_test_score,std_test_score,rank_test_score
0,0.5009994506835938,0.0,0.024000883102416992,0.0,gini,10,"{'criterion': 'gini', 'n_estimators': 10}",0.8782616284143467,0.8782616284143467,0.0,7
1,4.019931793212891,0.0,0.16300010681152344,0.0,gini,100,"{'criterion': 'gini', 'n_estimators': 100}",0.8897631061318738,0.8897631061318738,0.0,3
2,18.574198722839355,0.0,0.7540013790130615,0.0,gini,500,"{'criterion': 'gini', 'n_estimators': 500}",0.8896857923497268,0.8896857923497268,0.0,4
3,36.49031114578247,0.0,1.717125654220581,0.0,gini,1000,"{'criterion': 'gini', 'n_estimators': 1000}",0.8900452102704085,0.8900452102704085,0.0,2
4,0.4269998073577881,0.0,0.01999950408935547,0.0,entropy,10,"{'criterion': 'entropy', 'n_estimators': 10}",0.8739993038635572,0.8739993038635572,0.0,8
5,4.444474458694458,0.0,0.156998872756958,0.0,entropy,100,"{'criterion': 'entropy', 'n_estimators': 100}",0.8883378932968536,0.8883378932968536,0.0,6
6,20.371200561523438,0.0,0.7289998531341553,0.0,entropy,500,"{'criterion': 'entropy', 'n_estimators': 500}",0.8894575230296827,0.8894575230296827,0.0,5
7,40.149434089660645,0.0,1.492999792098999,0.0,entropy,1000,"{'criterion': 'entropy', 'n_estimators': 1000}",0.8904424929661522,0.8904424929661522,0.0,1
