,mean_fit_time,std_fit_time,mean_score_time,std_score_time,param_criterion,param_n_estimators,params,split0_test_score,mean_test_score,std_test_score,rank_test_score
0,0.5989973545074463,0.0,0.025002002716064453,0.0,gini,10,"{'criterion': 'gini', 'n_estimators': 10}",0.8751525719267654,0.8751525719267654,0.0,8
1,5.488000869750977,0.0,0.18999958038330078,0.0,gini,100,"{'criterion': 'gini', 'n_estimators': 100}",0.8894790952707334,0.8894790952707334,0.0,6
2,24.15617799758911,0.0,0.7989993095397949,0.0,gini,500,"{'criterion': 'gini', 'n_estimators': 500}",0.8901625320786998,0.8901625320786998,0.0,3
3,46.22613859176636,0.0,1.5320026874542236,0.0,gini,1000,"{'criterion': 'gini', 'n_estimators': 1000}",0.8905034618343448,0.8905034618343448,0.0,1
4,0.6649999618530273,0.0,0.024999618530273438,0.0,entropy,10,"{'criterion': 'entropy', 'n_estimators': 10}",0.8773889519155249,0.8773889519155249,0.0,7
5,5.948999404907227,0.0,0.17400145530700684,0.0,entropy,100,"{'criterion': 'entropy', 'n_estimators': 100}",0.8896498587449704,0.8896498587449704,0.0,5
6,26.042192220687866,0.0,0.761359691619873,0.0,entropy,500,"{'criterion': 'entropy', 'n_estimators': 500}",0.8900675849088886,0.8900675849088886,0.0,4
7,49.482136726379395,0.0,1.3890118598937988,0.0,entropy,1000,"{'criterion': 'entropy', 'n_estimators': 1000}",0.8902376474611045,0.8902376474611045,0.0,2
