,mean_fit_time,std_fit_time,mean_score_time,std_score_time,param_criterion,param_n_estimators,params,split0_test_score,mean_test_score,std_test_score,rank_test_score
0,0.5701568126678467,0.0,0.0240023136138916,0.0,gini,10,"{'criterion': 'gini', 'n_estimators': 10}",0.8768241834607367,0.8768241834607367,0.0,7
1,5.0771613121032715,0.0,0.1869964599609375,0.0,gini,100,"{'criterion': 'gini', 'n_estimators': 100}",0.8891734972677595,0.8891734972677595,0.0,5
2,23.697555780410767,0.0,0.8149995803833008,0.0,gini,500,"{'criterion': 'gini', 'n_estimators': 500}",0.8904436860068259,0.8904436860068259,0.0,1
3,45.605281591415405,0.0,1.552999496459961,0.0,gini,1000,"{'criterion': 'gini', 'n_estimators': 1000}",0.8902917590854803,0.8902917590854803,0.0,3
4,0.6131572723388672,0.0,0.02299976348876953,0.0,entropy,10,"{'criterion': 'entropy', 'n_estimators': 10}",0.874005421002011,0.874005421002011,0.0,8
5,5.537158489227295,0.0,0.16699957847595215,0.0,entropy,100,"{'criterion': 'entropy', 'n_estimators': 100}",0.8891165172855313,0.8891165172855313,0.0,6
6,25.5425546169281,0.0,0.7519760131835938,0.0,entropy,500,"{'criterion': 'entropy', 'n_estimators': 500}",0.890158621865939,0.890158621865939,0.0,4
7,48.95828056335449,0.0,1.4509994983673096,0.0,entropy,1000,"{'criterion': 'entropy', 'n_estimators': 1000}",0.8904226312201773,0.8904226312201773,0.0,2
