,mean_fit_time,std_fit_time,mean_score_time,std_score_time,param_criterion,param_n_estimators,params,split0_test_score,mean_test_score,std_test_score,rank_test_score
0,0.5958940982818604,0.0,0.024997711181640625,0.0,gini,10,"{'criterion': 'gini', 'n_estimators': 10}",0.8742160278745644,0.8742160278745644,0.0,8
1,5.206893444061279,0.0,0.18599820137023926,0.0,gini,100,"{'criterion': 'gini', 'n_estimators': 100}",0.8887557761423927,0.8887557761423927,0.0,5
2,24.135892391204834,0.0,0.8229992389678955,0.0,gini,500,"{'criterion': 'gini', 'n_estimators': 500}",0.8903501280956447,0.8903501280956447,0.0,1
3,46.59089756011963,0.0,1.5809941291809082,0.0,gini,1000,"{'criterion': 'gini', 'n_estimators': 1000}",0.8901211397372463,0.8901211397372463,0.0,4
4,0.6468915939331055,0.0,0.022002458572387695,0.0,entropy,10,"{'criterion': 'entropy', 'n_estimators': 10}",0.8743236166870308,0.8743236166870308,0.0,7
5,5.557892560958862,0.0,0.16499972343444824,0.0,entropy,100,"{'criterion': 'entropy', 'n_estimators': 100}",0.8885855656031393,0.8885855656031393,0.0,6
6,26.453887462615967,0.0,0.7649998664855957,0.0,entropy,500,"{'criterion': 'entropy', 'n_estimators': 500}",0.8903280783979547,0.8903280783979547,0.0,2
7,50.30489492416382,0.0,1.4509997367858887,0.0,entropy,1000,"{'criterion': 'entropy', 'n_estimators': 1000}",0.8902719754454771,0.8902719754454771,0.0,3
