,mean_fit_time,std_fit_time,mean_score_time,std_score_time,param_criterion,param_n_estimators,params,split0_test_score,mean_test_score,std_test_score,rank_test_score
0,0.5570833683013916,0.0,0.024001598358154297,0.0,gini,10,"{'criterion': 'gini', 'n_estimators': 10}",0.873345604347445,0.873345604347445,0.0,8
1,5.08708381652832,0.0,0.17999863624572754,0.0,gini,100,"{'criterion': 'gini', 'n_estimators': 100}",0.8892494236188199,0.8892494236188199,0.0,5
2,23.715180158615112,0.0,0.8420007228851318,0.0,gini,500,"{'criterion': 'gini', 'n_estimators': 500}",0.8897221748764275,0.8897221748764275,0.0,3
3,45.9802086353302,0.0,1.581998586654663,0.0,gini,1000,"{'criterion': 'gini', 'n_estimators': 1000}",0.8897027510433524,0.8897027510433524,0.0,4
4,0.6120827198028564,0.0,0.02400040626525879,0.0,entropy,10,"{'criterion': 'entropy', 'n_estimators': 10}",0.8744437658145013,0.8744437658145013,0.0,7
5,5.551089763641357,0.0,0.18799304962158203,0.0,entropy,100,"{'criterion': 'entropy', 'n_estimators': 100}",0.8897610921501706,0.8897610921501706,0.0,2
6,25.91817855834961,0.0,0.78299880027771,0.0,entropy,500,"{'criterion': 'entropy', 'n_estimators': 500}",0.8891161680729567,0.8891161680729567,0.0,6
7,49.53820562362671,0.0,1.5019986629486084,0.0,entropy,1000,"{'criterion': 'entropy', 'n_estimators': 1000}",0.890308295009368,0.890308295009368,0.0,1
