,mean_fit_time,std_fit_time,mean_score_time,std_score_time,param_criterion,param_n_estimators,params,split0_test_score,mean_test_score,std_test_score,rank_test_score
0,0.6076841354370117,0.0,0.027994871139526367,0.0,gini,10,"{'criterion': 'gini', 'n_estimators': 10}",0.8748041093505136,0.8748041093505136,0.0,8
1,5.162317991256714,0.0,0.1820054054260254,0.0,gini,100,"{'criterion': 'gini', 'n_estimators': 100}",0.8891926527125161,0.8891926527125161,0.0,5
2,24.461220502853394,0.0,0.846001148223877,0.0,gini,500,"{'criterion': 'gini', 'n_estimators': 500}",0.8901014579248018,0.8901014579248018,0.0,1
3,46.33029580116272,0.0,1.5669987201690674,0.0,gini,1000,"{'criterion': 'gini', 'n_estimators': 1000}",0.8900443232185477,0.8900443232185477,0.0,2
4,0.6506791114807129,0.0,0.026001930236816406,0.0,entropy,10,"{'criterion': 'entropy', 'n_estimators': 10}",0.8778791829639288,0.8778791829639288,0.0,7
5,5.60231876373291,0.0,0.1849992275238037,0.0,entropy,100,"{'criterion': 'entropy', 'n_estimators': 100}",0.8882829143587558,0.8882829143587558,0.0,6
6,26.207216262817383,0.0,0.7980027198791504,0.0,entropy,500,"{'criterion': 'entropy', 'n_estimators': 500}",0.8895888311909423,0.8895888311909423,0.0,4
7,50.254292011260986,0.0,1.504000186920166,0.0,entropy,1000,"{'criterion': 'entropy', 'n_estimators': 1000}",0.8896457765667575,0.8896457765667575,0.0,3
