,mean_fit_time,std_fit_time,mean_score_time,std_score_time,param_criterion,param_n_estimators,params,split0_test_score,mean_test_score,std_test_score,rank_test_score
0,0.5970010757446289,0.0,0.02299809455871582,0.0,gini,10,"{'criterion': 'gini', 'n_estimators': 10}",0.8755880815473079,0.8755880815473079,0.0,7
1,4.83699893951416,0.0,0.1679985523223877,0.0,gini,100,"{'criterion': 'gini', 'n_estimators': 100}",0.8896092816925439,0.8896092816925439,0.0,4
2,22.183995962142944,0.0,0.8680000305175781,0.0,gini,500,"{'criterion': 'gini', 'n_estimators': 500}",0.8905358207683789,0.8905358207683789,0.0,1
3,44.72110867500305,0.0,1.5819964408874512,0.0,gini,1000,"{'criterion': 'gini', 'n_estimators': 1000}",0.8902885351944846,0.8902885351944846,0.0,2
4,0.5779974460601807,0.0,0.02300119400024414,0.0,entropy,10,"{'criterion': 'entropy', 'n_estimators': 10}",0.8748146209543749,0.8748146209543749,0.0,8
5,5.134995937347412,0.0,0.15500140190124512,0.0,entropy,100,"{'criterion': 'entropy', 'n_estimators': 100}",0.8892677521097946,0.8892677521097946,0.0,5
6,24.141998529434204,0.0,0.7570037841796875,0.0,entropy,500,"{'criterion': 'entropy', 'n_estimators': 500}",0.8892291985706993,0.8892291985706993,0.0,6
7,47.95175623893738,0.0,1.5020010471343994,0.0,entropy,1000,"{'criterion': 'entropy', 'n_estimators': 1000}",0.8896451969709861,0.8896451969709861,0.0,3
