,mean_fit_time,std_fit_time,mean_score_time,std_score_time,param_criterion,param_n_estimators,params,split0_test_score,mean_test_score,std_test_score,rank_test_score
0,0.5509884357452393,0.0,0.02599811553955078,0.0,gini,10,"{'criterion': 'gini', 'n_estimators': 10}",0.8742797276060765,0.8742797276060765,0.0,8
1,4.64077615737915,0.0,0.17201781272888184,0.0,gini,100,"{'criterion': 'gini', 'n_estimators': 100}",0.888225765197374,0.888225765197374,0.0,4
2,21.805655241012573,0.0,0.8019976615905762,0.0,gini,500,"{'criterion': 'gini', 'n_estimators': 500}",0.8907234042553192,0.8907234042553192,0.0,1
3,42.844300985336304,0.0,1.5660128593444824,0.0,gini,1000,"{'criterion': 'gini', 'n_estimators': 1000}",0.8898160762942778,0.8898160762942778,0.0,2
4,0.6329894065856934,0.0,0.019997596740722656,0.0,entropy,10,"{'criterion': 'entropy', 'n_estimators': 10}",0.8745644599303137,0.8745644599303137,0.0,7
5,4.984785079956055,0.0,0.15799880027770996,0.0,entropy,100,"{'criterion': 'entropy', 'n_estimators': 100}",0.8877524929685502,0.8877524929685502,0.0,6
6,23.36846375465393,0.0,0.7530012130737305,0.0,entropy,500,"{'criterion': 'entropy', 'n_estimators': 500}",0.8893236920459379,0.8893236920459379,0.0,3
7,46.070722341537476,0.0,1.5629987716674805,0.0,entropy,1000,"{'criterion': 'entropy', 'n_estimators': 1000}",0.8881897797806309,0.8881897797806309,0.0,5
