,mean_fit_time,std_fit_time,mean_score_time,std_score_time,param_criterion,param_n_estimators,params,split0_test_score,mean_test_score,std_test_score,rank_test_score
0,0.579998254776001,0.0,0.028011560440063477,0.0,gini,10,"{'criterion': 'gini', 'n_estimators': 10}",0.8773091669571279,0.8773091669571279,0.0,7
1,4.817998647689819,0.0,0.20500421524047852,0.0,gini,100,"{'criterion': 'gini', 'n_estimators': 100}",0.8899309404041265,0.8899309404041265,0.0,2
2,21.772507905960083,0.0,0.8329994678497314,0.0,gini,500,"{'criterion': 'gini', 'n_estimators': 500}",0.890061266167461,0.890061266167461,0.0,1
3,42.38954949378967,0.0,1.6180000305175781,0.0,gini,1000,"{'criterion': 'gini', 'n_estimators': 1000}",0.889210347174949,0.889210347174949,0.0,4
4,0.6419997215270996,0.0,0.020000219345092773,0.0,entropy,10,"{'criterion': 'entropy', 'n_estimators': 10}",0.8728032016704369,0.8728032016704369,0.0,8
5,5.130001783370972,0.0,0.16799712181091309,0.0,entropy,100,"{'criterion': 'entropy', 'n_estimators': 100}",0.8881327094853254,0.8881327094853254,0.0,6
6,23.69852876663208,0.0,0.777998685836792,0.0,entropy,500,"{'criterion': 'entropy', 'n_estimators': 500}",0.8894557823129252,0.8894557823129252,0.0,3
7,45.33856964111328,0.0,1.5240497589111328,0.0,entropy,1000,"{'criterion': 'entropy', 'n_estimators': 1000}",0.889153349200952,0.889153349200952,0.0,5
