,mean_fit_time,std_fit_time,mean_score_time,std_score_time,param_criterion,param_n_estimators,params,split0_test_score,mean_test_score,std_test_score,rank_test_score
0,0.6849987506866455,0.0,0.023000240325927734,0.0,gini,10,"{'criterion': 'gini', 'n_estimators': 10}",0.8747053173840914,0.8747053173840914,0.0,8
1,5.766998767852783,0.0,0.17000055313110352,0.0,gini,100,"{'criterion': 'gini', 'n_estimators': 100}",0.888680371918451,0.888680371918451,0.0,6
2,26.812748432159424,0.0,0.8830020427703857,0.0,gini,500,"{'criterion': 'gini', 'n_estimators': 500}",0.8901005281990118,0.8901005281990118,0.0,1
3,51.787753105163574,0.0,1.5310025215148926,0.0,gini,1000,"{'criterion': 'gini', 'n_estimators': 1000}",0.8899480806877181,0.8899480806877181,0.0,2
4,0.7299964427947998,0.0,0.0260012149810791,0.0,entropy,10,"{'criterion': 'entropy', 'n_estimators': 10}",0.8747608279700818,0.8747608279700818,0.0,7
5,6.04599666595459,0.0,0.1810009479522705,0.0,entropy,100,"{'criterion': 'entropy', 'n_estimators': 100}",0.8892491467576792,0.8892491467576792,0.0,5
6,28.7612943649292,0.0,0.76399827003479,0.0,entropy,500,"{'criterion': 'entropy', 'n_estimators': 500}",0.8894185749553079,0.8894185749553079,0.0,4
7,55.99381494522095,0.0,1.4968712329864502,0.0,entropy,1000,"{'criterion': 'entropy', 'n_estimators': 1000}",0.8894562164922136,0.8894562164922136,0.0,3
