,mean_fit_time,std_fit_time,mean_score_time,std_score_time,param_criterion,param_n_estimators,params,split0_test_score,mean_test_score,std_test_score,rank_test_score
0,0.21999144554138184,0.0,0.017999887466430664,0.0,gini,10,"{'criterion': 'gini', 'n_estimators': 10}",0.8601831661578717,0.8601831661578717,0.0,8
1,2.0360000133514404,0.0,0.14600038528442383,0.0,gini,100,"{'criterion': 'gini', 'n_estimators': 100}",0.8674176776429809,0.8674176776429809,0.0,5
2,9.9399995803833,0.0,0.6649999618530273,0.0,gini,500,"{'criterion': 'gini', 'n_estimators': 500}",0.8680356988129279,0.8680356988129279,0.0,4
3,19.54810619354248,0.0,1.3212080001831055,0.0,gini,1000,"{'criterion': 'gini', 'n_estimators': 1000}",0.868156618156618,0.868156618156618,0.0,3
4,0.28299689292907715,0.0,0.016999244689941406,0.0,entropy,10,"{'criterion': 'entropy', 'n_estimators': 10}",0.8614526113872176,0.8614526113872176,0.0,7
5,2.186999797821045,0.0,0.13499760627746582,0.0,entropy,100,"{'criterion': 'entropy', 'n_estimators': 100}",0.8663083058782729,0.8663083058782729,0.0,6
6,10.468998432159424,0.0,0.6630005836486816,0.0,entropy,500,"{'criterion': 'entropy', 'n_estimators': 500}",0.8682546556951062,0.8682546556951062,0.0,2
7,20.6297345161438,0.0,1.2995190620422363,0.0,entropy,1000,"{'criterion': 'entropy', 'n_estimators': 1000}",0.8689475963620615,0.8689475963620615,0.0,1
