,mean_fit_time,std_fit_time,mean_score_time,std_score_time,param_criterion,param_n_estimators,params,split0_test_score,mean_test_score,std_test_score,rank_test_score
0,0.29698753356933594,0.0,0.024000883102416992,0.0,gini,10,"{'criterion': 'gini', 'n_estimators': 10}",0.8735451124529623,0.8735451124529623,0.0,7
1,2.6617038249969482,0.0,0.15400004386901855,0.0,gini,100,"{'criterion': 'gini', 'n_estimators': 100}",0.8807986917979171,0.8807986917979171,0.0,6
2,12.673705339431763,0.0,0.7170000076293945,0.0,gini,500,"{'criterion': 'gini', 'n_estimators': 500}",0.8812655833548275,0.8812655833548275,0.0,4
3,24.76852536201477,0.0,1.4769997596740723,0.0,gini,1000,"{'criterion': 'gini', 'n_estimators': 1000}",0.8815540656695892,0.8815540656695892,0.0,3
4,0.3079864978790283,0.0,0.023004531860351562,0.0,entropy,10,"{'criterion': 'entropy', 'n_estimators': 10}",0.8689341610562211,0.8689341610562211,0.0,8
5,3.058711528778076,0.0,0.14499974250793457,0.0,entropy,100,"{'criterion': 'entropy', 'n_estimators': 100}",0.8816593510629142,0.8816593510629142,0.0,2
6,14.184738636016846,0.0,0.691014289855957,0.0,entropy,500,"{'criterion': 'entropy', 'n_estimators': 500}",0.8821253546556616,0.8821253546556616,0.0,1
7,27.04653310775757,0.0,1.3930003643035889,0.0,entropy,1000,"{'criterion': 'entropy', 'n_estimators': 1000}",0.8812510740677092,0.8812510740677092,0.0,5
