,mean_fit_time,std_fit_time,mean_score_time,std_score_time,param_criterion,param_n_estimators,params,split0_test_score,mean_test_score,std_test_score,rank_test_score
0,0.3769955635070801,0.0,0.017001867294311523,0.0,gini,10,"{'criterion': 'gini', 'n_estimators': 10}",0.8695270685268053,0.8695270685268053,0.0,7
1,3.6009957790374756,0.0,0.14000415802001953,0.0,gini,100,"{'criterion': 'gini', 'n_estimators': 100}",0.8816705336426914,0.8816705336426914,0.0,5
2,17.204098224639893,0.0,0.663001537322998,0.0,gini,500,"{'criterion': 'gini', 'n_estimators': 500}",0.8829896907216495,0.8829896907216495,0.0,1
3,33.97533178329468,0.0,1.2900002002716064,0.0,gini,1000,"{'criterion': 'gini', 'n_estimators': 1000}",0.88259526261586,0.88259526261586,0.0,3
4,0.40399694442749023,0.0,0.018001556396484375,0.0,entropy,10,"{'criterion': 'entropy', 'n_estimators': 10}",0.8682781572954983,0.8682781572954983,0.0,8
5,4.01300048828125,0.0,0.14499855041503906,0.0,entropy,100,"{'criterion': 'entropy', 'n_estimators': 100}",0.8806407165001723,0.8806407165001723,0.0,6
6,19.108096837997437,0.0,0.6470000743865967,0.0,entropy,500,"{'criterion': 'entropy', 'n_estimators': 500}",0.8829184549356223,0.8829184549356223,0.0,2
7,37.450114488601685,0.0,1.291001558303833,0.0,entropy,1000,"{'criterion': 'entropy', 'n_estimators': 1000}",0.882554945054945,0.882554945054945,0.0,4
