,mean_fit_time,std_fit_time,mean_score_time,std_score_time,param_criterion,param_n_estimators,params,split0_test_score,mean_test_score,std_test_score,rank_test_score
0,0.3569908142089844,0.0,0.01699995994567871,0.0,gini,10,"{'criterion': 'gini', 'n_estimators': 10}",0.8727368144843874,0.8727368144843874,0.0,8
1,3.325993299484253,0.0,0.145005464553833,0.0,gini,100,"{'criterion': 'gini', 'n_estimators': 100}",0.8856259659969088,0.8856259659969088,0.0,5
2,16.098358154296875,0.0,0.6909999847412109,0.0,gini,500,"{'criterion': 'gini', 'n_estimators': 500}",0.8864318162338217,0.8864318162338217,0.0,2
3,31.869192123413086,0.0,1.3660948276519775,0.0,gini,1000,"{'criterion': 'gini', 'n_estimators': 1000}",0.8860130270826192,0.8860130270826192,0.0,3
4,0.41399192810058594,0.0,0.018000364303588867,0.0,entropy,10,"{'criterion': 'entropy', 'n_estimators': 10}",0.8744104803493449,0.8744104803493449,0.0,7
5,3.6259946823120117,0.0,0.14200282096862793,0.0,entropy,100,"{'criterion': 'entropy', 'n_estimators': 100}",0.8845327142979967,0.8845327142979967,0.0,6
6,17.577362537384033,0.0,0.6679985523223877,0.0,entropy,500,"{'criterion': 'entropy', 'n_estimators': 500}",0.8870608397600686,0.8870608397600686,0.0,1
7,34.76428270339966,0.0,1.344003677368164,0.0,entropy,1000,"{'criterion': 'entropy', 'n_estimators': 1000}",0.8857852797532346,0.8857852797532346,0.0,4
