,mean_fit_time,std_fit_time,mean_score_time,std_score_time,param_criterion,param_n_estimators,params,split0_test_score,mean_test_score,std_test_score,rank_test_score
0,0.3869912624359131,0.0,0.023000240325927734,0.0,gini,10,"{'criterion': 'gini', 'n_estimators': 10}",0.8769913815617656,0.8769913815617656,0.0,7
1,3.5550806522369385,0.0,0.15199542045593262,0.0,gini,100,"{'criterion': 'gini', 'n_estimators': 100}",0.8889651033181858,0.8889651033181858,0.0,1
2,16.61807680130005,0.0,0.7139990329742432,0.0,gini,500,"{'criterion': 'gini', 'n_estimators': 500}",0.8884134862228308,0.8884134862228308,0.0,5
3,32.78107762336731,0.0,1.4489984512329102,0.0,gini,1000,"{'criterion': 'gini', 'n_estimators': 1000}",0.8889079082505992,0.8889079082505992,0.0,2
4,0.40099263191223145,0.0,0.019001007080078125,0.0,entropy,10,"{'criterion': 'entropy', 'n_estimators': 10}",0.8768774013272791,0.8768774013272791,0.0,8
5,4.032079458236694,0.0,0.14499998092651367,0.0,entropy,100,"{'criterion': 'entropy', 'n_estimators': 100}",0.887517146776406,0.887517146776406,0.0,6
6,17.91207766532898,0.0,0.6880180835723877,0.0,entropy,500,"{'criterion': 'entropy', 'n_estimators': 500}",0.8886414253897551,0.8886414253897551,0.0,4
7,35.38707780838013,0.0,1.397167682647705,0.0,entropy,1000,"{'criterion': 'entropy', 'n_estimators': 1000}",0.8887176853278548,0.8887176853278548,0.0,3
