,mean_fit_time,std_fit_time,mean_score_time,std_score_time,param_criterion,param_n_estimators,params,split0_test_score,mean_test_score,std_test_score,rank_test_score
0,0.4739971160888672,0.0,0.01900482177734375,0.0,gini,10,"{'criterion': 'gini', 'n_estimators': 10}",0.8743551630672378,0.8743551630672378,0.0,8
1,4.579997539520264,0.0,0.15600109100341797,0.0,gini,100,"{'criterion': 'gini', 'n_estimators': 100}",0.8888125107406771,0.8888125107406771,0.0,3
2,22.05999755859375,0.0,0.6979999542236328,0.0,gini,500,"{'criterion': 'gini', 'n_estimators': 500}",0.8883361921097771,0.8883361921097771,0.0,6
3,43.066524505615234,0.0,1.3490018844604492,0.0,gini,1000,"{'criterion': 'gini', 'n_estimators': 1000}",0.8886981893074745,0.8886981893074745,0.0,5
4,0.5839989185333252,0.0,0.017998695373535156,0.0,entropy,10,"{'criterion': 'entropy', 'n_estimators': 10}",0.8745845723281442,0.8745845723281442,0.0,7
5,4.990997314453125,0.0,0.13599872589111328,0.0,entropy,100,"{'criterion': 'entropy', 'n_estimators': 100}",0.889423489990549,0.889423489990549,0.0,2
6,23.81899929046631,0.0,0.7169961929321289,0.0,entropy,500,"{'criterion': 'entropy', 'n_estimators': 500}",0.8895747599451304,0.8895747599451304,0.0,1
7,46.64895176887512,0.0,1.3080003261566162,0.0,entropy,1000,"{'criterion': 'entropy', 'n_estimators': 1000}",0.8887554678788919,0.8887554678788919,0.0,4
