,mean_fit_time,std_fit_time,mean_score_time,std_score_time,param_criterion,param_n_estimators,params,split0_test_score,mean_test_score,std_test_score,rank_test_score
0,0.5222313404083252,0.0,0.01888418197631836,0.0,gini,10,"{'criterion': 'gini', 'n_estimators': 10}",0.8759723800367101,0.8759723800367101,0.0,8
1,4.3370137214660645,0.0,0.14727497100830078,0.0,gini,100,"{'criterion': 'gini', 'n_estimators': 100}",0.8864085172147335,0.8864085172147335,0.0,6
2,21.982685327529907,0.0,0.697197437286377,0.0,gini,500,"{'criterion': 'gini', 'n_estimators': 500}",0.8886601475381712,0.8886601475381712,0.0,4
3,41.90681195259094,0.0,1.3610551357269287,0.0,gini,1000,"{'criterion': 'gini', 'n_estimators': 1000}",0.8886983364774481,0.8886983364774481,0.0,3
4,0.5162317752838135,0.0,0.00806117057800293,0.0,entropy,10,"{'criterion': 'entropy', 'n_estimators': 10}",0.8763515870247647,0.8763515870247647,0.0,7
5,4.788789749145508,0.0,0.14734911918640137,0.0,entropy,100,"{'criterion': 'entropy', 'n_estimators': 100}",0.8871909340659342,0.8871909340659342,0.0,5
6,22.768791437149048,0.0,0.6689498424530029,0.0,entropy,500,"{'criterion': 'entropy', 'n_estimators': 500}",0.8891363947909526,0.8891363947909526,0.0,2
7,46.279038429260254,0.0,1.3145334720611572,0.0,entropy,1000,"{'criterion': 'entropy', 'n_estimators': 1000}",0.889326708925818,0.889326708925818,0.0,1
