,mean_fit_time,std_fit_time,mean_score_time,std_score_time,param_criterion,param_n_estimators,params,split0_test_score,mean_test_score,std_test_score,rank_test_score
0,0.4490373134613037,0.0,0.024819374084472656,0.0,gini,10,"{'criterion': 'gini', 'n_estimators': 10}",0.8740558580713157,0.8740558580713157,0.0,8
1,4.2532148361206055,0.0,0.14970612525939941,0.0,gini,100,"{'criterion': 'gini', 'n_estimators': 100}",0.8868280954834278,0.8868280954834278,0.0,6
2,20.541345596313477,0.0,0.692934513092041,0.0,gini,500,"{'criterion': 'gini', 'n_estimators': 500}",0.888907937596434,0.888907937596434,0.0,5
3,40.4155113697052,0.0,1.376950740814209,0.0,gini,1000,"{'criterion': 'gini', 'n_estimators': 1000}",0.8896126157010626,0.8896126157010626,0.0,4
4,0.4957716464996338,0.0,0.013021230697631836,0.0,entropy,10,"{'criterion': 'entropy', 'n_estimators': 10}",0.8782578275319223,0.8782578275319223,0.0,7
5,4.618133068084717,0.0,0.14150738716125488,0.0,entropy,100,"{'criterion': 'entropy', 'n_estimators': 100}",0.8898799313893654,0.8898799313893654,0.0,3
6,22.10616374015808,0.0,0.6795954704284668,0.0,entropy,500,"{'criterion': 'entropy', 'n_estimators': 500}",0.8905821917808219,0.8905821917808219,0.0,2
7,43.49363613128662,0.0,1.3359496593475342,0.0,entropy,1000,"{'criterion': 'entropy', 'n_estimators': 1000}",0.8916095890410959,0.8916095890410959,0.0,1
