,mean_fit_time,std_fit_time,mean_score_time,std_score_time,param_criterion,param_n_estimators,params,split0_test_score,mean_test_score,std_test_score,rank_test_score
0,0.4349186420440674,0.0,0.029879093170166016,0.0,gini,10,"{'criterion': 'gini', 'n_estimators': 10}",0.8756869929337869,0.8756869929337869,0.0,7
1,3.982325792312622,0.0,0.1499173641204834,0.0,gini,100,"{'criterion': 'gini', 'n_estimators': 100}",0.8878224355128974,0.8878224355128974,0.0,6
2,20.016324043273926,0.0,0.7053725719451904,0.0,gini,500,"{'criterion': 'gini', 'n_estimators': 500}",0.8897058823529412,0.8897058823529412,0.0,4
3,38.989200830459595,0.0,1.4611952304840088,0.0,gini,1000,"{'criterion': 'gini', 'n_estimators': 1000}",0.8896486879220445,0.8896486879220445,0.0,5
4,0.4647977352142334,0.0,0.029778242111206055,0.0,entropy,10,"{'criterion': 'entropy', 'n_estimators': 10}",0.875217542638357,0.875217542638357,0.0,8
5,4.341818809509277,0.0,0.14820384979248047,0.0,entropy,100,"{'criterion': 'entropy', 'n_estimators': 100}",0.8898377455166523,0.8898377455166523,0.0,3
6,21.036529064178467,0.0,0.7016551494598389,0.0,entropy,500,"{'criterion': 'entropy', 'n_estimators': 500}",0.8903115663679043,0.8903115663679043,0.0,2
7,41.918134927749634,0.0,1.4034357070922852,0.0,entropy,1000,"{'criterion': 'entropy', 'n_estimators': 1000}",0.8903677160651821,0.8903677160651821,0.0,1
