,mean_fit_time,std_fit_time,mean_score_time,std_score_time,param_criterion,param_n_estimators,params,split0_test_score,mean_test_score,std_test_score,rank_test_score
0,0.39399147033691406,0.0,0.02990412712097168,0.0,gini,10,"{'criterion': 'gini', 'n_estimators': 10}",0.8784149428297111,0.8784149428297111,0.0,7
1,3.7387943267822266,0.0,0.1586449146270752,0.0,gini,100,"{'criterion': 'gini', 'n_estimators': 100}",0.8893638850889192,0.8893638850889192,0.0,5
2,18.56370186805725,0.0,0.7593421936035156,0.0,gini,500,"{'criterion': 'gini', 'n_estimators': 500}",0.8902168345569405,0.8902168345569405,0.0,2
3,35.438700675964355,0.0,1.4832062721252441,0.0,gini,1000,"{'criterion': 'gini', 'n_estimators': 1000}",0.8902158150644034,0.8902158150644034,0.0,3
4,0.45273423194885254,0.0,0.018872737884521484,0.0,entropy,10,"{'criterion': 'entropy', 'n_estimators': 10}",0.873673220810858,0.873673220810858,0.0,8
5,4.081924915313721,0.0,0.1436622142791748,0.0,entropy,100,"{'criterion': 'entropy', 'n_estimators': 100}",0.8879958960328317,0.8879958960328317,0.0,6
6,20.273541688919067,0.0,0.716968297958374,0.0,entropy,500,"{'criterion': 'entropy', 'n_estimators': 500}",0.8894763772812552,0.8894763772812552,0.0,4
7,38.264734983444214,0.0,1.4425928592681885,0.0,entropy,1000,"{'criterion': 'entropy', 'n_estimators': 1000}",0.8904238083056195,0.8904238083056195,0.0,1
