,mean_fit_time,std_fit_time,mean_score_time,std_score_time,param_criterion,param_n_estimators,params,split0_test_score,mean_test_score,std_test_score,rank_test_score
0,0.49302101135253906,0.0,0.019849777221679688,0.0,gini,10,"{'criterion': 'gini', 'n_estimators': 10}",0.875130798744332,0.875130798744332,0.0,8
1,4.334328889846802,0.0,0.14878273010253906,0.0,gini,100,"{'criterion': 'gini', 'n_estimators': 100}",0.8894218415417559,0.8894218415417559,0.0,6
2,21.437734842300415,0.0,0.7036511898040771,0.0,gini,500,"{'criterion': 'gini', 'n_estimators': 500}",0.8900102634279848,0.8900102634279848,0.0,3
3,41.64839839935303,0.0,1.4104206562042236,0.0,gini,1000,"{'criterion': 'gini', 'n_estimators': 1000}",0.8905034618343448,0.8905034618343448,0.0,2
4,0.48901939392089844,0.0,0.006079435348510742,0.0,entropy,10,"{'criterion': 'entropy', 'n_estimators': 10}",0.8777166797590992,0.8777166797590992,0.0,7
5,4.579709053039551,0.0,0.14928984642028809,0.0,entropy,100,"{'criterion': 'entropy', 'n_estimators': 100}",0.889554794520548,0.889554794520548,0.0,5
6,23.202605962753296,0.0,0.6918685436248779,0.0,entropy,500,"{'criterion': 'entropy', 'n_estimators': 500}",0.8900102634279848,0.8900102634279848,0.0,3
7,45.23195695877075,0.0,1.3657152652740479,0.0,entropy,1000,"{'criterion': 'entropy', 'n_estimators': 1000}",0.8905795862540605,0.8905795862540605,0.0,1
