,mean_fit_time,std_fit_time,mean_score_time,std_score_time,param_criterion,param_n_estimators,params,split0_test_score,mean_test_score,std_test_score,rank_test_score
0,0.5058848857879639,0.0,0.01806020736694336,0.0,gini,10,"{'criterion': 'gini', 'n_estimators': 10}",0.8738456177034327,0.8738456177034327,0.0,8
1,4.431943893432617,0.0,0.1655275821685791,0.0,gini,100,"{'criterion': 'gini', 'n_estimators': 100}",0.8888508599298367,0.8888508599298367,0.0,5
2,21.52706480026245,0.0,0.7572827339172363,0.0,gini,500,"{'criterion': 'gini', 'n_estimators': 500}",0.8902553591254592,0.8902553591254592,0.0,2
3,42.13496446609497,0.0,1.4850656986236572,0.0,gini,1000,"{'criterion': 'gini', 'n_estimators': 1000}",0.8901023890784983,0.8901023890784983,0.0,3
4,0.5518901348114014,0.0,0.01770305633544922,0.0,entropy,10,"{'criterion': 'entropy', 'n_estimators': 10}",0.8741167233708453,0.8741167233708453,0.0,7
5,4.79670262336731,0.0,0.1485750675201416,0.0,entropy,100,"{'criterion': 'entropy', 'n_estimators': 100}",0.8886613770156131,0.8886613770156131,0.0,6
6,23.99000644683838,0.0,0.6991586685180664,0.0,entropy,500,"{'criterion': 'entropy', 'n_estimators': 500}",0.889987217724755,0.889987217724755,0.0,4
7,45.125144481658936,0.0,1.4277822971343994,0.0,entropy,1000,"{'criterion': 'entropy', 'n_estimators': 1000}",0.8903280783979547,0.8903280783979547,0.0,1
