,mean_fit_time,std_fit_time,mean_score_time,std_score_time,param_criterion,param_n_estimators,params,split0_test_score,mean_test_score,std_test_score,rank_test_score
0,0.14868545532226562,0.0,0.0010466575622558594,0.0,gini,10,"{'criterion': 'gini', 'n_estimators': 10}",0.8675217211419115,0.8675217211419115,0.0,1
1,1.1271553039550781,0.0,0.07091832160949707,0.0,gini,100,"{'criterion': 'gini', 'n_estimators': 100}",0.8675217211419115,0.8675217211419115,0.0,1
2,5.693430423736572,0.0,0.37610483169555664,0.0,gini,500,"{'criterion': 'gini', 'n_estimators': 500}",0.8675217211419115,0.8675217211419115,0.0,1
3,10.673423290252686,0.0,0.7510266304016113,0.0,gini,1000,"{'criterion': 'gini', 'n_estimators': 1000}",0.8675217211419115,0.8675217211419115,0.0,1
4,0.11983561515808105,0.0,0.0198516845703125,0.0,entropy,10,"{'criterion': 'entropy', 'n_estimators': 10}",0.8675217211419115,0.8675217211419115,0.0,1
5,1.3086071014404297,0.0,0.07896590232849121,0.0,entropy,100,"{'criterion': 'entropy', 'n_estimators': 100}",0.8675217211419115,0.8675217211419115,0.0,1
6,5.95449423789978,0.0,0.3763277530670166,0.0,entropy,500,"{'criterion': 'entropy', 'n_estimators': 500}",0.8675217211419115,0.8675217211419115,0.0,1
7,11.05155348777771,0.0,0.7356410026550293,0.0,entropy,1000,"{'criterion': 'entropy', 'n_estimators': 1000}",0.8675217211419115,0.8675217211419115,0.0,1
