,mean_fit_time,std_fit_time,mean_score_time,std_score_time,param_criterion,param_n_estimators,params,split0_test_score,mean_test_score,std_test_score,rank_test_score
0,0.479144811630249,0.0,0.023810625076293945,0.0,gini,10,"{'criterion': 'gini', 'n_estimators': 10}",0.8730172640434668,0.8730172640434668,0.0,8
1,4.48380184173584,0.0,0.15142369270324707,0.0,gini,100,"{'criterion': 'gini', 'n_estimators': 100}",0.8892305064480314,0.8892305064480314,0.0,5
2,21.450582027435303,0.0,0.8852040767669678,0.0,gini,500,"{'criterion': 'gini', 'n_estimators': 500}",0.8897033753835664,0.8897033753835664,0.0,4
3,42.36615014076233,0.0,1.479257345199585,0.0,gini,1000,"{'criterion': 'gini', 'n_estimators': 1000}",0.8900434375266161,0.8900434375266161,0.0,2
4,0.5268120765686035,0.0,0.012050867080688477,0.0,entropy,10,"{'criterion': 'entropy', 'n_estimators': 10}",0.8739525139664804,0.8739525139664804,0.0,7
5,4.98012113571167,0.0,0.16131377220153809,0.0,entropy,100,"{'criterion': 'entropy', 'n_estimators': 100}",0.8899129544290835,0.8899129544290835,0.0,3
6,23.26354432106018,0.0,0.7241644859313965,0.0,entropy,500,"{'criterion': 'entropy', 'n_estimators': 500}",0.8891919536310945,0.8891919536310945,0.0,6
7,45.28582167625427,0.0,1.417344331741333,0.0,entropy,1000,"{'criterion': 'entropy', 'n_estimators': 1000}",0.8901379662749106,0.8901379662749106,0.0,1
