,mean_fit_time,std_fit_time,mean_score_time,std_score_time,param_criterion,param_n_estimators,params,split0_test_score,mean_test_score,std_test_score,rank_test_score
0,0.49449896812438965,0.0,0.03399515151977539,0.0,gini,10,"{'criterion': 'gini', 'n_estimators': 10}",0.8759365743160828,0.8759365743160828,0.0,7
1,4.613321781158447,0.0,0.16562557220458984,0.0,gini,100,"{'criterion': 'gini', 'n_estimators': 100}",0.8892680429960758,0.8892680429960758,0.0,4
2,21.17742371559143,0.0,0.7824335098266602,0.0,gini,500,"{'criterion': 'gini', 'n_estimators': 500}",0.8907248104931438,0.8907248104931438,0.0,1
3,42.10030460357666,0.0,1.5459489822387695,0.0,gini,1000,"{'criterion': 'gini', 'n_estimators': 1000}",0.8906476044591949,0.8906476044591949,0.0,2
4,0.5304937362670898,0.0,0.00906515121459961,0.0,entropy,10,"{'criterion': 'entropy', 'n_estimators': 10}",0.874585731728589,0.874585731728589,0.0,8
5,5.053740501403809,0.0,0.16367816925048828,0.0,entropy,100,"{'criterion': 'entropy', 'n_estimators': 100}",0.8891161680729567,0.8891161680729567,0.0,6
6,22.8869845867157,0.0,0.7351856231689453,0.0,entropy,500,"{'criterion': 'entropy', 'n_estimators': 500}",0.8892291985706993,0.8892291985706993,0.0,5
7,45.09619975090027,0.0,1.4871580600738525,0.0,entropy,1000,"{'criterion': 'entropy', 'n_estimators': 1000}",0.8898341131433434,0.8898341131433434,0.0,3
