,mean_fit_time,std_fit_time,mean_score_time,std_score_time,param_criterion,param_n_estimators,params,split0_test_score,mean_test_score,std_test_score,rank_test_score
0,0.5245795249938965,0.0,0.030171632766723633,0.0,gini,10,"{'criterion': 'gini', 'n_estimators': 10}",0.8744104803493449,0.8744104803493449,0.0,7
1,4.4422526359558105,0.0,0.1646254062652588,0.0,gini,100,"{'criterion': 'gini', 'n_estimators': 100}",0.8883582089552239,0.8883582089552239,0.0,4
2,22.264190435409546,0.0,0.7837381362915039,0.0,gini,500,"{'criterion': 'gini', 'n_estimators': 500}",0.8906289897012512,0.8906289897012512,0.0,1
3,42.86063027381897,0.0,1.5590794086456299,0.0,gini,1000,"{'criterion': 'gini', 'n_estimators': 1000}",0.8898918504641063,0.8898918504641063,0.0,2
4,0.5245795249938965,0.0,0.02912282943725586,0.0,entropy,10,"{'criterion': 'entropy', 'n_estimators': 10}",0.8741721854304635,0.8741721854304635,0.0,8
5,4.874958276748657,0.0,0.18070554733276367,0.0,entropy,100,"{'criterion': 'entropy', 'n_estimators': 100}",0.8880934117446518,0.8880934117446518,0.0,6
6,23.521729946136475,0.0,0.7473139762878418,0.0,entropy,500,"{'criterion': 'entropy', 'n_estimators': 500}",0.8894938324117397,0.8894938324117397,0.0,3
7,44.77462077140808,0.0,1.489109992980957,0.0,entropy,1000,"{'criterion': 'entropy', 'n_estimators': 1000}",0.8882087902745899,0.8882087902745899,0.0,5
