,mean_fit_time,std_fit_time,mean_score_time,std_score_time,param_criterion,param_n_estimators,params,split0_test_score,mean_test_score,std_test_score,rank_test_score
0,0.49950361251831055,0.0,0.012058734893798828,0.0,gini,10,"{'criterion': 'gini', 'n_estimators': 10}",0.8771562990067957,0.8771562990067957,0.0,7
1,4.418059349060059,0.0,0.16454195976257324,0.0,gini,100,"{'criterion': 'gini', 'n_estimators': 100}",0.8897228144989339,0.8897228144989339,0.0,2
2,20.82221794128418,0.0,0.7935488224029541,0.0,gini,500,"{'criterion': 'gini', 'n_estimators': 500}",0.8903829787234042,0.8903829787234042,0.0,1
3,41.1546049118042,0.0,1.5767121315002441,0.0,gini,1000,"{'criterion': 'gini', 'n_estimators': 1000}",0.8891158199302187,0.8891158199302187,0.0,5
4,0.5393524169921875,0.0,0.02088642120361328,0.0,entropy,10,"{'criterion': 'entropy', 'n_estimators': 10}",0.872312646879624,0.872312646879624,0.0,8
5,4.941389799118042,0.0,0.16512227058410645,0.0,entropy,100,"{'criterion': 'entropy', 'n_estimators': 100}",0.8879625691195235,0.8879625691195235,0.0,6
6,22.54229998588562,0.0,0.7712118625640869,0.0,entropy,500,"{'criterion': 'entropy', 'n_estimators': 500}",0.8894177645558862,0.8894177645558862,0.0,3
7,43.772815227508545,0.0,1.5315253734588623,0.0,entropy,1000,"{'criterion': 'entropy', 'n_estimators': 1000}",0.8892477688057798,0.8892477688057798,0.0,4
