,mean_fit_time,std_fit_time,mean_score_time,std_score_time,param_criterion,param_n_estimators,params,split0_test_score,mean_test_score,std_test_score,rank_test_score
0,0.5370309352874756,0.0,0.018204689025878906,0.0,gini,10,"{'criterion': 'gini', 'n_estimators': 10}",0.8763614184891522,0.8763614184891522,0.0,7
1,5.016716480255127,0.0,0.1427607536315918,0.0,gini,100,"{'criterion': 'gini', 'n_estimators': 100}",0.8892307692307693,0.8892307692307693,0.0,4
2,24.31988286972046,0.0,0.747732400894165,0.0,gini,500,"{'criterion': 'gini', 'n_estimators': 500}",0.8894952251023193,0.8894952251023193,0.0,3
3,47.416975021362305,0.0,1.496729850769043,0.0,gini,1000,"{'criterion': 'gini', 'n_estimators': 1000}",0.8900827151019016,0.8900827151019016,0.0,1
4,0.5795350074768066,0.0,0.020493507385253906,0.0,entropy,10,"{'criterion': 'entropy', 'n_estimators': 10}",0.8741063644289451,0.8741063644289451,0.0,8
5,5.683576345443726,0.0,0.1662733554840088,0.0,entropy,100,"{'criterion': 'entropy', 'n_estimators': 100}",0.8886229592272844,0.8886229592272844,0.0,6
6,26.248128175735474,0.0,0.7323732376098633,0.0,entropy,500,"{'criterion': 'entropy', 'n_estimators': 500}",0.8900443232185477,0.8900443232185477,0.0,2
7,50.91968607902527,0.0,1.430387020111084,0.0,entropy,1000,"{'criterion': 'entropy', 'n_estimators': 1000}",0.8891539575700774,0.8891539575700774,0.0,5
