,mean_fit_time,std_fit_time,mean_score_time,std_score_time,param_criterion,param_n_estimators,params,split0_test_score,mean_test_score,std_test_score,rank_test_score
0,0.5412907600402832,0.0,0.029926776885986328,0.0,gini,10,"{'criterion': 'gini', 'n_estimators': 10}",0.8743885394828791,0.8743885394828791,0.0,8
1,5.2209343910217285,0.0,0.16456198692321777,0.0,gini,100,"{'criterion': 'gini', 'n_estimators': 100}",0.8887751620607302,0.8887751620607302,0.0,6
2,24.09185552597046,0.0,0.7545924186706543,0.0,gini,500,"{'criterion': 'gini', 'n_estimators': 500}",0.889835562750277,0.889835562750277,0.0,2
3,47.248390436172485,0.0,1.5308961868286133,0.0,gini,1000,"{'criterion': 'gini', 'n_estimators': 1000}",0.8900051081219139,0.8900051081219139,0.0,1
4,0.6010227203369141,0.0,0.01517629623413086,0.0,entropy,10,"{'criterion': 'entropy', 'n_estimators': 10}",0.8748586833637708,0.8748586833637708,0.0,7
5,5.5919506549835205,0.0,0.15229129791259766,0.0,entropy,100,"{'criterion': 'entropy', 'n_estimators': 100}",0.8891354442263378,0.8891354442263378,0.0,5
6,26.865223169326782,0.0,0.7324166297912598,0.0,entropy,500,"{'criterion': 'entropy', 'n_estimators': 500}",0.8893051771117166,0.8893051771117166,0.0,4
7,50.441415548324585,0.0,1.4649412631988525,0.0,entropy,1000,"{'criterion': 'entropy', 'n_estimators': 1000}",0.8894373989275682,0.8894373989275682,0.0,3
