,mean_fit_time,std_fit_time,mean_score_time,std_score_time,param_criterion,param_n_estimators,params,split0_test_score,mean_test_score,std_test_score,rank_test_score
0,0.20651674270629883,0.0,0.029935121536254883,0.0,gini,10,"{'criterion': 'gini', 'n_estimators': 10}",0.8607086751614592,0.8607086751614592,0.0,8
1,2.1040003299713135,0.0,0.14977455139160156,0.0,gini,100,"{'criterion': 'gini', 'n_estimators': 100}",0.8681794560886887,0.8681794560886887,0.0,3
2,9.7980477809906,0.0,0.7122559547424316,0.0,gini,500,"{'criterion': 'gini', 'n_estimators': 500}",0.8677936714347638,0.8677936714347638,0.0,5
3,19.193704843521118,0.0,1.3029067516326904,0.0,gini,1000,"{'criterion': 'gini', 'n_estimators': 1000}",0.8680880568556075,0.8680880568556075,0.0,4
4,0.2183852195739746,0.0,0.00806736946105957,0.0,entropy,10,"{'criterion': 'entropy', 'n_estimators': 10}",0.862246231593622,0.862246231593622,0.0,7
5,2.1849496364593506,0.0,0.14937567710876465,0.0,entropy,100,"{'criterion': 'entropy', 'n_estimators': 100}",0.8671692227709904,0.8671692227709904,0.0,6
6,10.592034816741943,0.0,0.7717657089233398,0.0,entropy,500,"{'criterion': 'entropy', 'n_estimators': 500}",0.8682318288139999,0.8682318288139999,0.0,2
7,21.43701934814453,0.0,1.3005566596984863,0.0,entropy,1000,"{'criterion': 'entropy', 'n_estimators': 1000}",0.8684575389948007,0.8684575389948007,0.0,1
