,mean_fit_time,std_fit_time,mean_score_time,std_score_time,param_criterion,param_n_estimators,params,split0_test_score,mean_test_score,std_test_score,rank_test_score
0,0.28443360328674316,0.0,0.021847009658813477,0.0,gini,10,"{'criterion': 'gini', 'n_estimators': 10}",0.874037788663401,0.874037788663401,0.0,7
1,2.5153543949127197,0.0,0.14938950538635254,0.0,gini,100,"{'criterion': 'gini', 'n_estimators': 100}",0.8819833003357148,0.8819833003357148,0.0,3
2,12.38160252571106,0.0,0.7050690650939941,0.0,gini,500,"{'criterion': 'gini', 'n_estimators': 500}",0.8811489508083936,0.8811489508083936,0.0,6
3,24.240538835525513,0.0,1.4063081741333008,0.0,gini,1000,"{'criterion': 'gini', 'n_estimators': 1000}",0.8817407757805109,0.8817407757805109,0.0,4
4,0.31430864334106445,0.0,0.02990555763244629,0.0,entropy,10,"{'criterion': 'entropy', 'n_estimators': 10}",0.8691392582225332,0.8691392582225332,0.0,8
5,2.85233211517334,0.0,0.12687301635742188,0.0,entropy,100,"{'criterion': 'entropy', 'n_estimators': 100}",0.8821960244385164,0.8821960244385164,0.0,2
6,13.444587707519531,0.0,0.6979408264160156,0.0,entropy,500,"{'criterion': 'entropy', 'n_estimators': 500}",0.882201203783319,0.882201203783319,0.0,1
7,26.536087036132812,0.0,1.374267578125,0.0,entropy,1000,"{'criterion': 'entropy', 'n_estimators': 1000}",0.8812859967334308,0.8812859967334308,0.0,5
