,mean_fit_time,std_fit_time,mean_score_time,std_score_time,param_criterion,param_n_estimators,params,split0_test_score,mean_test_score,std_test_score,rank_test_score
0,0.39913105964660645,0.0,0.026859045028686523,0.0,gini,10,"{'criterion': 'gini', 'n_estimators': 10}",0.8692753114581505,0.8692753114581505,0.0,7
1,3.532426357269287,0.0,0.1404428482055664,0.0,gini,100,"{'criterion': 'gini', 'n_estimators': 100}",0.8820548062881196,0.8820548062881196,0.0,5
2,17.49402093887329,0.0,0.6511280536651611,0.0,gini,500,"{'criterion': 'gini', 'n_estimators': 500}",0.883601065200584,0.883601065200584,0.0,1
3,33.92824149131775,0.0,1.3045504093170166,0.0,gini,1000,"{'criterion': 'gini', 'n_estimators': 1000}",0.8828627821161933,0.8828627821161933,0.0,4
4,0.42399120330810547,0.0,0.005019187927246094,0.0,entropy,10,"{'criterion': 'entropy', 'n_estimators': 10}",0.8685754312231853,0.8685754312231853,0.0,8
5,4.037882566452026,0.0,0.12941551208496094,0.0,entropy,100,"{'criterion': 'entropy', 'n_estimators': 100}",0.8812187984162506,0.8812187984162506,0.0,6
6,19.036807775497437,0.0,0.6269543170928955,0.0,entropy,500,"{'criterion': 'entropy', 'n_estimators': 500}",0.883054483054483,0.883054483054483,0.0,3
7,37.04228615760803,0.0,1.260643720626831,0.0,entropy,1000,"{'criterion': 'entropy', 'n_estimators': 1000}",0.8830901287553647,0.8830901287553647,0.0,2
