,mean_fit_time,std_fit_time,mean_score_time,std_score_time,param_criterion,param_n_estimators,params,split0_test_score,mean_test_score,std_test_score,rank_test_score
0,0.35797667503356934,0.0,0.00706028938293457,0.0,gini,10,"{'criterion': 'gini', 'n_estimators': 10}",0.8707447274000174,0.8707447274000174,0.0,7
1,3.295386552810669,0.0,0.15011143684387207,0.0,gini,100,"{'criterion': 'gini', 'n_estimators': 100}",0.8835569315445476,0.8835569315445476,0.0,5
2,16.599546194076538,0.0,0.7278015613555908,0.0,gini,500,"{'criterion': 'gini', 'n_estimators': 500}",0.8851444291609354,0.8851444291609354,0.0,2
3,32.593533754348755,0.0,1.3293747901916504,0.0,gini,1000,"{'criterion': 'gini', 'n_estimators': 1000}",0.8852797112657903,0.8852797112657903,0.0,1
4,0.3939058780670166,0.0,0.02989506721496582,0.0,entropy,10,"{'criterion': 'entropy', 'n_estimators': 10}",0.868750547237545,0.868750547237545,0.0,8
5,3.6105573177337646,0.0,0.13348746299743652,0.0,entropy,100,"{'criterion': 'entropy', 'n_estimators': 100}",0.8832932279133723,0.8832932279133723,0.0,6
6,17.689711332321167,0.0,0.6743566989898682,0.0,entropy,500,"{'criterion': 'entropy', 'n_estimators': 500}",0.8839807493984186,0.8839807493984186,0.0,4
7,34.81851625442505,0.0,1.3088042736053467,0.0,entropy,1000,"{'criterion': 'entropy', 'n_estimators': 1000}",0.8843479007469734,0.8843479007469734,0.0,3
