,mean_fit_time,std_fit_time,mean_score_time,std_score_time,param_criterion,param_n_estimators,params,split0_test_score,mean_test_score,std_test_score,rank_test_score
0,0.356248140335083,0.0,0.008043050765991211,0.0,gini,10,"{'criterion': 'gini', 'n_estimators': 10}",0.8770127948472451,0.8770127948472451,0.0,8
1,3.43257999420166,0.0,0.18476057052612305,0.0,gini,100,"{'criterion': 'gini', 'n_estimators': 100}",0.8889841405915131,0.8889841405915131,0.0,1
2,16.647580862045288,0.0,0.7736208438873291,0.0,gini,500,"{'criterion': 'gini', 'n_estimators': 500}",0.8884895164741121,0.8884895164741121,0.0,4
3,33.008209466934204,0.0,1.4262630939483643,0.0,gini,1000,"{'criterion': 'gini', 'n_estimators': 1000}",0.8886225494392602,0.8886225494392602,0.0,3
4,0.4030900001525879,0.0,0.0060634613037109375,0.0,entropy,10,"{'criterion': 'entropy', 'n_estimators': 10}",0.8770735114370526,0.8770735114370526,0.0,7
5,3.6871609687805176,0.0,0.14949250221252441,0.0,entropy,100,"{'criterion': 'entropy', 'n_estimators': 100}",0.8873831374903507,0.8873831374903507,0.0,6
6,18.20019555091858,0.0,0.6884222030639648,0.0,entropy,500,"{'criterion': 'entropy', 'n_estimators': 500}",0.8883557535772427,0.8883557535772427,0.0,5
7,35.19768762588501,0.0,1.3872885704040527,0.0,entropy,1000,"{'criterion': 'entropy', 'n_estimators': 1000}",0.8889459714016611,0.8889459714016611,0.0,2
