,mean_fit_time,std_fit_time,mean_score_time,std_score_time,param_criterion,param_n_estimators,params,split0_test_score,mean_test_score,std_test_score,rank_test_score
0,0.4661417007446289,0.0,0.01204538345336914,0.0,gini,10,"{'criterion': 'gini', 'n_estimators': 10}",0.8746503496503495,0.8746503496503495,0.0,7
1,4.39105486869812,0.0,0.13935327529907227,0.0,gini,100,"{'criterion': 'gini', 'n_estimators': 100}",0.8886406599072005,0.8886406599072005,0.0,5
2,21.435065746307373,0.0,0.6753048896789551,0.0,gini,500,"{'criterion': 'gini', 'n_estimators': 500}",0.8883553421368549,0.8883553421368549,0.0,6
3,42.55843997001648,0.0,1.3355934619903564,0.0,gini,1000,"{'criterion': 'gini', 'n_estimators': 1000}",0.8889461036731892,0.8889461036731892,0.0,3
4,0.5080389976501465,0.0,0.02883625030517578,0.0,entropy,10,"{'criterion': 'entropy', 'n_estimators': 10}",0.8738849046702816,0.8738849046702816,0.0,8
5,4.767102479934692,0.0,0.12149786949157715,0.0,entropy,100,"{'criterion': 'entropy', 'n_estimators': 100}",0.8897482168943887,0.8897482168943887,0.0,1
6,23.17949366569519,0.0,0.6767027378082275,0.0,entropy,500,"{'criterion': 'entropy', 'n_estimators': 500}",0.8895747599451304,0.8895747599451304,0.0,2
7,48.09583282470703,0.0,1.3103818893432617,0.0,entropy,1000,"{'criterion': 'entropy', 'n_estimators': 1000}",0.8886792452830188,0.8886792452830188,0.0,4
