,mean_fit_time,std_fit_time,mean_score_time,std_score_time,param_criterion,param_n_estimators,params,split0_test_score,mean_test_score,std_test_score,rank_test_score
0,0.4542236328125,0.0,0.004030466079711914,0.0,gini,10,"{'criterion': 'gini', 'n_estimators': 10}",0.8779358820504028,0.8779358820504028,0.0,8
1,4.333245754241943,0.0,0.1614983081817627,0.0,gini,100,"{'criterion': 'gini', 'n_estimators': 100}",0.8953225671491927,0.8953225671491927,0.0,6
2,21.087653160095215,0.0,0.6902415752410889,0.0,gini,500,"{'criterion': 'gini', 'n_estimators': 500}",0.8968572383818121,0.8968572383818121,0.0,1
3,41.65639853477478,0.0,1.3734629154205322,0.0,gini,1000,"{'criterion': 'gini', 'n_estimators': 1000}",0.8961602671118531,0.8961602671118531,0.0,4
4,0.5179259777069092,0.0,0.027838468551635742,0.0,entropy,10,"{'criterion': 'entropy', 'n_estimators': 10}",0.8801167081438256,0.8801167081438256,0.0,7
5,4.793254137039185,0.0,0.16489839553833008,0.0,entropy,100,"{'criterion': 'entropy', 'n_estimators': 100}",0.8964016736401673,0.8964016736401673,0.0,3
6,22.807838916778564,0.0,0.6742606163024902,0.0,entropy,500,"{'criterion': 'entropy', 'n_estimators': 500}",0.8958437656484727,0.8958437656484727,0.0,5
7,45.29481816291809,0.0,1.3116364479064941,0.0,entropy,1000,"{'criterion': 'entropy', 'n_estimators': 1000}",0.8966265865063461,0.8966265865063461,0.0,2
