,mean_fit_time,std_fit_time,mean_score_time,std_score_time,param_criterion,param_n_estimators,params,split0_test_score,mean_test_score,std_test_score,rank_test_score
0,0.4516012668609619,0.0,0.02999567985534668,0.0,gini,10,"{'criterion': 'gini', 'n_estimators': 10}",0.8808201623237932,0.8808201623237932,0.0,8
1,4.340980052947998,0.0,0.14960122108459473,0.0,gini,100,"{'criterion': 'gini', 'n_estimators': 100}",0.8962745918794475,0.8962745918794475,0.0,5
2,20.8213472366333,0.0,0.717982292175293,0.0,gini,500,"{'criterion': 'gini', 'n_estimators': 500}",0.8979217093731742,0.8979217093731742,0.0,2
3,40.52319574356079,0.0,1.3777356147766113,0.0,gini,1000,"{'criterion': 'gini', 'n_estimators': 1000}",0.8975707488104183,0.8975707488104183,0.0,4
4,0.5114090442657471,0.0,0.02584218978881836,0.0,entropy,10,"{'criterion': 'entropy', 'n_estimators': 10}",0.8809238665526091,0.8809238665526091,0.0,7
5,4.640224933624268,0.0,0.15052342414855957,0.0,entropy,100,"{'criterion': 'entropy', 'n_estimators': 100}",0.8956347215253386,0.8956347215253386,0.0,6
6,22.49237322807312,0.0,0.677330732345581,0.0,entropy,500,"{'criterion': 'entropy', 'n_estimators': 500}",0.8981806042396928,0.8981806042396928,0.0,1
7,43.62119460105896,0.0,1.3278124332427979,0.0,entropy,1000,"{'criterion': 'entropy', 'n_estimators': 1000}",0.8976285905143621,0.8976285905143621,0.0,3
