,mean_fit_time,std_fit_time,mean_score_time,std_score_time,param_criterion,param_n_estimators,params,split0_test_score,mean_test_score,std_test_score,rank_test_score
0,0.4739949703216553,0.0,0.01900005340576172,0.0,gini,10,"{'criterion': 'gini', 'n_estimators': 10}",0.8798973481608212,0.8798973481608212,0.0,8
1,4.050404787063599,0.0,0.1549997329711914,0.0,gini,100,"{'criterion': 'gini', 'n_estimators': 100}",0.8973822865267208,0.8973822865267208,0.0,3
2,19.350404739379883,0.0,0.7370002269744873,0.0,gini,500,"{'criterion': 'gini', 'n_estimators': 500}",0.8981365421576001,0.8981365421576001,0.0,2
3,38.38540482521057,0.0,1.4629998207092285,0.0,gini,1000,"{'criterion': 'gini', 'n_estimators': 1000}",0.898705636743215,0.898705636743215,0.0,1
4,0.46199488639831543,0.0,0.020000934600830078,0.0,entropy,10,"{'criterion': 'entropy', 'n_estimators': 10}",0.881744335185977,0.881744335185977,0.0,7
5,4.359406232833862,0.0,0.14999842643737793,0.0,entropy,100,"{'criterion': 'entropy', 'n_estimators': 100}",0.8971915747241724,0.8971915747241724,0.0,5
6,21.00340485572815,0.0,0.7090001106262207,0.0,entropy,500,"{'criterion': 'entropy', 'n_estimators': 500}",0.8973523761797377,0.8973523761797377,0.0,4
7,41.29410243034363,0.0,1.4047653675079346,0.0,entropy,1000,"{'criterion': 'entropy', 'n_estimators': 1000}",0.8968624833110814,0.8968624833110814,0.0,6
