,mean_fit_time,std_fit_time,mean_score_time,std_score_time,param_criterion,param_n_estimators,params,split0_test_score,mean_test_score,std_test_score,rank_test_score
0,0.4389991760253906,0.0,0.025999784469604492,0.0,gini,10,"{'criterion': 'gini', 'n_estimators': 10}",0.8781199073676987,0.8781199073676987,0.0,8
1,3.843998908996582,0.0,0.16100287437438965,0.0,gini,100,"{'criterion': 'gini', 'n_estimators': 100}",0.8964422916318692,0.8964422916318692,0.0,5
2,18.067051649093628,0.0,0.7610011100769043,0.0,gini,500,"{'criterion': 'gini', 'n_estimators': 500}",0.8969717193626429,0.8969717193626429,0.0,2
3,35.657140493392944,0.0,1.5220012664794922,0.0,gini,1000,"{'criterion': 'gini', 'n_estimators': 1000}",0.8972882770129328,0.8972882770129328,0.0,1
4,0.5169990062713623,0.0,0.01900029182434082,0.0,entropy,10,"{'criterion': 'entropy', 'n_estimators': 10}",0.8800411875750815,0.8800411875750815,0.0,7
5,4.083999156951904,0.0,0.15199971199035645,0.0,entropy,100,"{'criterion': 'entropy', 'n_estimators': 100}",0.8954499832719973,0.8954499832719973,0.0,6
6,19.662051916122437,0.0,0.7319996356964111,0.0,entropy,500,"{'criterion': 'entropy', 'n_estimators': 500}",0.8966725043782837,0.8966725043782837,0.0,3
7,38.62881278991699,0.0,1.4543499946594238,0.0,entropy,1000,"{'criterion': 'entropy', 'n_estimators': 1000}",0.8965977318212142,0.8965977318212142,0.0,4
