,mean_fit_time,std_fit_time,mean_score_time,std_score_time,param_criterion,param_n_estimators,params,split0_test_score,mean_test_score,std_test_score,rank_test_score
0,0.48455142974853516,0.0,0.02299976348876953,0.0,gini,10,"{'criterion': 'gini', 'n_estimators': 10}",0.8853633572159672,0.8853633572159672,0.0,7
1,4.42339301109314,0.0,0.1549985408782959,0.0,gini,100,"{'criterion': 'gini', 'n_estimators': 100}",0.8985943775100401,0.8985943775100401,0.0,1
2,21.010391235351562,0.0,0.7384340763092041,0.0,gini,500,"{'criterion': 'gini', 'n_estimators': 500}",0.8983135748872935,0.8983135748872935,0.0,3
3,41.459179639816284,0.0,1.4679999351501465,0.0,gini,1000,"{'criterion': 'gini', 'n_estimators': 1000}",0.898572501878287,0.898572501878287,0.0,2
4,0.5527615547180176,0.0,0.0181882381439209,0.0,entropy,10,"{'criterion': 'entropy', 'n_estimators': 10}",0.8811965811965812,0.8811965811965812,0.0,8
5,5.004392623901367,0.0,0.14699864387512207,0.0,entropy,100,"{'criterion': 'entropy', 'n_estimators': 100}",0.895772289660946,0.895772289660946,0.0,6
6,22.73818016052246,0.0,0.7050008773803711,0.0,entropy,500,"{'criterion': 'entropy', 'n_estimators': 500}",0.8974444630031735,0.8974444630031735,0.0,4
7,44.59403872489929,0.0,1.4078266620635986,0.0,entropy,1000,"{'criterion': 'entropy', 'n_estimators': 1000}",0.8972025052192066,0.8972025052192066,0.0,5
