,mean_fit_time,std_fit_time,mean_score_time,std_score_time,param_criterion,param_n_estimators,params,split0_test_score,mean_test_score,std_test_score,rank_test_score
0,0.5219972133636475,0.0,0.023999691009521484,0.0,gini,10,"{'criterion': 'gini', 'n_estimators': 10}",0.881170331080503,0.881170331080503,0.0,8
1,4.483456373214722,0.0,0.15899991989135742,0.0,gini,100,"{'criterion': 'gini', 'n_estimators': 100}",0.8961538461538461,0.8961538461538461,0.0,6
2,21.369722843170166,0.0,0.7470018863677979,0.0,gini,500,"{'criterion': 'gini', 'n_estimators': 500}",0.8975943869027732,0.8975943869027732,0.0,1
3,42.16372299194336,0.0,1.4819998741149902,0.0,gini,1000,"{'criterion': 'gini', 'n_estimators': 1000}",0.8975642308975642,0.8975642308975642,0.0,2
4,0.5549981594085693,0.0,0.018998384475708008,0.0,entropy,10,"{'criterion': 'entropy', 'n_estimators': 10}",0.8823779916531812,0.8823779916531812,0.0,7
5,4.776457786560059,0.0,0.14799785614013672,0.0,entropy,100,"{'criterion': 'entropy', 'n_estimators': 100}",0.8967355096602265,0.8967355096602265,0.0,5
6,22.974722862243652,0.0,0.7109999656677246,0.0,entropy,500,"{'criterion': 'entropy', 'n_estimators': 500}",0.8968505249125145,0.8968505249125145,0.0,4
7,46.69816851615906,0.0,1.411433458328247,0.0,entropy,1000,"{'criterion': 'entropy', 'n_estimators': 1000}",0.8972414367863989,0.8972414367863989,0.0,3
