,mean_fit_time,std_fit_time,mean_score_time,std_score_time,param_criterion,param_n_estimators,params,split0_test_score,mean_test_score,std_test_score,rank_test_score
0,0.13492584228515625,0.0,0.005055665969848633,0.0,gini,10,"{'criterion': 'gini', 'n_estimators': 10}",0.869896923950978,0.869896923950978,0.0,1
1,1.2792253494262695,0.0,0.08065056800842285,0.0,gini,100,"{'criterion': 'gini', 'n_estimators': 100}",0.869896923950978,0.869896923950978,0.0,1
2,5.821939468383789,0.0,0.38163328170776367,0.0,gini,500,"{'criterion': 'gini', 'n_estimators': 500}",0.869896923950978,0.869896923950978,0.0,1
3,10.684304237365723,0.0,0.7482485771179199,0.0,gini,1000,"{'criterion': 'gini', 'n_estimators': 1000}",0.869896923950978,0.869896923950978,0.0,1
4,0.13084030151367188,0.0,0.004056215286254883,0.0,entropy,10,"{'criterion': 'entropy', 'n_estimators': 10}",0.869896923950978,0.869896923950978,0.0,1
5,1.210237979888916,0.0,0.08574724197387695,0.0,entropy,100,"{'criterion': 'entropy', 'n_estimators': 100}",0.869896923950978,0.869896923950978,0.0,1
6,5.856881380081177,0.0,0.3814115524291992,0.0,entropy,500,"{'criterion': 'entropy', 'n_estimators': 500}",0.869896923950978,0.869896923950978,0.0,1
7,10.663858652114868,0.0,0.746614933013916,0.0,entropy,1000,"{'criterion': 'entropy', 'n_estimators': 1000}",0.869896923950978,0.869896923950978,0.0,1
