,mean_fit_time,std_fit_time,mean_score_time,std_score_time,param_criterion,param_n_estimators,params,split0_test_score,mean_test_score,std_test_score,rank_test_score
0,0.5310003757476807,0.0,0.026997804641723633,0.0,gini,10,"{'criterion': 'gini', 'n_estimators': 10}",0.8776978417266187,0.8776978417266187,0.0,8
1,4.54900050163269,0.0,0.16800189018249512,0.0,gini,100,"{'criterion': 'gini', 'n_estimators': 100}",0.8960789231669593,0.8960789231669593,0.0,5
2,21.319578409194946,0.0,0.7650017738342285,0.0,gini,500,"{'criterion': 'gini', 'n_estimators': 500}",0.8974081173431119,0.8974081173431119,0.0,1
3,42.23871827125549,0.0,1.5069990158081055,0.0,gini,1000,"{'criterion': 'gini', 'n_estimators': 1000}",0.8972990996999,0.8972990996999,0.0,2
4,0.5349996089935303,0.0,0.023998260498046875,0.0,entropy,10,"{'criterion': 'entropy', 'n_estimators': 10}",0.8810557684120902,0.8810557684120902,0.0,7
5,4.889997482299805,0.0,0.1510012149810791,0.0,entropy,100,"{'criterion': 'entropy', 'n_estimators': 100}",0.8948553322771617,0.8948553322771617,0.0,6
6,22.9525785446167,0.0,0.7350006103515625,0.0,entropy,500,"{'criterion': 'entropy', 'n_estimators': 500}",0.8968273794654009,0.8968273794654009,0.0,4
7,45.30250954627991,0.0,1.4479281902313232,0.0,entropy,1000,"{'criterion': 'entropy', 'n_estimators': 1000}",0.8972802129252266,0.8972802129252266,0.0,3
