,mean_fit_time,std_fit_time,mean_score_time,std_score_time,param_criterion,param_n_estimators,params,split0_test_score,mean_test_score,std_test_score,rank_test_score
0,0.5169994831085205,0.0,0.02599954605102539,0.0,gini,10,"{'criterion': 'gini', 'n_estimators': 10}",0.8785573882574139,0.8785573882574139,0.0,7
1,4.582114934921265,0.0,0.16299986839294434,0.0,gini,100,"{'criterion': 'gini', 'n_estimators': 100}",0.8952651832022752,0.8952651832022752,0.0,5
2,21.435753345489502,0.0,0.7710006237030029,0.0,gini,500,"{'criterion': 'gini', 'n_estimators': 500}",0.8972305638972307,0.8972305638972307,0.0,3
3,42.38214898109436,0.0,1.5540413856506348,0.0,gini,1000,"{'criterion': 'gini', 'n_estimators': 1000}",0.8973396714202319,0.8973396714202319,0.0,2
4,0.6109986305236816,0.0,0.019999265670776367,0.0,entropy,10,"{'criterion': 'entropy', 'n_estimators': 10}",0.8781196581196581,0.8781196581196581,0.0,8
5,4.832118034362793,0.0,0.15500378608703613,0.0,entropy,100,"{'criterion': 'entropy', 'n_estimators': 100}",0.8943767729017187,0.8943767729017187,0.0,6
6,23.05875039100647,0.0,0.7530016899108887,0.0,entropy,500,"{'criterion': 'entropy', 'n_estimators': 500}",0.8967183075129103,0.8967183075129103,0.0,4
7,45.4219388961792,0.0,1.4907581806182861,0.0,entropy,1000,"{'criterion': 'entropy', 'n_estimators': 1000}",0.8979931717878258,0.8979931717878258,0.0,1
