,mean_fit_time,std_fit_time,mean_score_time,std_score_time,param_criterion,param_n_estimators,params,split0_test_score,mean_test_score,std_test_score,rank_test_score
0,0.4719984531402588,0.0,0.021000146865844727,0.0,gini,10,"{'criterion': 'gini', 'n_estimators': 10}",0.8792410905050849,0.8792410905050849,0.0,8
1,4.44118595123291,0.0,0.16701078414916992,0.0,gini,100,"{'criterion': 'gini', 'n_estimators': 100}",0.8963445167751628,0.8963445167751628,0.0,2
2,21.574185609817505,0.0,0.7919998168945312,0.0,gini,500,"{'criterion': 'gini', 'n_estimators': 500}",0.8969889064976228,0.8969889064976228,0.0,1
3,41.69365048408508,0.0,1.5759999752044678,0.0,gini,1000,"{'criterion': 'gini', 'n_estimators': 1000}",0.8962641761174116,0.8962641761174116,0.0,3
4,0.5809993743896484,0.0,0.023999452590942383,0.0,entropy,10,"{'criterion': 'entropy', 'n_estimators': 10}",0.8793867120954003,0.8793867120954003,0.0,7
5,5.093184947967529,0.0,0.15800023078918457,0.0,entropy,100,"{'criterion': 'entropy', 'n_estimators': 100}",0.8952190571380976,0.8952190571380976,0.0,6
6,22.925185918807983,0.0,0.7450003623962402,0.0,entropy,500,"{'criterion': 'entropy', 'n_estimators': 500}",0.8962185573879727,0.8962185573879727,0.0,4
7,45.038174629211426,0.0,1.4890758991241455,0.0,entropy,1000,"{'criterion': 'entropy', 'n_estimators': 1000}",0.8961612124240153,0.8961612124240153,0.0,5
