,mean_fit_time,std_fit_time,mean_score_time,std_score_time,param_criterion,param_n_estimators,params,split0_test_score,mean_test_score,std_test_score,rank_test_score
0,0.6170005798339844,0.0,0.027999401092529297,0.0,gini,10,"{'criterion': 'gini', 'n_estimators': 10}",0.875898664840808,0.875898664840808,0.0,7
1,4.6821534633636475,0.0,0.16899919509887695,0.0,gini,100,"{'criterion': 'gini', 'n_estimators': 100}",0.8945521390374332,0.8945521390374332,0.0,6
2,21.233269929885864,0.0,0.7964541912078857,0.0,gini,500,"{'criterion': 'gini', 'n_estimators': 500}",0.8959132610508758,0.8959132610508758,0.0,3
3,41.75168824195862,0.0,1.6014044284820557,0.0,gini,1000,"{'criterion': 'gini', 'n_estimators': 1000}",0.895223805951488,0.895223805951488,0.0,4
4,0.650001049041748,0.0,0.02799844741821289,0.0,entropy,10,"{'criterion': 'entropy', 'n_estimators': 10}",0.8756414642490591,0.8756414642490591,0.0,8
5,5.010153532028198,0.0,0.15800023078918457,0.0,entropy,100,"{'criterion': 'entropy', 'n_estimators': 100}",0.8949695503462083,0.8949695503462083,0.0,5
6,23.72272253036499,0.0,0.7569992542266846,0.0,entropy,500,"{'criterion': 'entropy', 'n_estimators': 500}",0.8969363969363969,0.8969363969363969,0.0,1
7,44.97537064552307,0.0,1.5180003643035889,0.0,entropy,1000,"{'criterion': 'entropy', 'n_estimators': 1000}",0.8963333333333333,0.8963333333333333,0.0,2
