,mean_fit_time,std_fit_time,mean_score_time,std_score_time,param_criterion,param_n_estimators,params,split0_test_score,mean_test_score,std_test_score,rank_test_score
0,0.5299959182739258,0.0,0.020999908447265625,0.0,gini,10,"{'criterion': 'gini', 'n_estimators': 10}",0.8793221499486478,0.8793221499486478,0.0,7
1,4.3994104862213135,0.0,0.17399954795837402,0.0,gini,100,"{'criterion': 'gini', 'n_estimators': 100}",0.8934111759799834,0.8934111759799834,0.0,5
2,20.655402183532715,0.0,0.8026275634765625,0.0,gini,500,"{'criterion': 'gini', 'n_estimators': 500}",0.895902731512325,0.895902731512325,0.0,1
3,40.86808109283447,0.0,1.6060001850128174,0.0,gini,1000,"{'criterion': 'gini', 'n_estimators': 1000}",0.8954253812182318,0.8954253812182318,0.0,3
4,0.5449950695037842,0.0,0.02100062370300293,0.0,entropy,10,"{'criterion': 'entropy', 'n_estimators': 10}",0.8788891745950115,0.8788891745950115,0.0,8
5,4.679410696029663,0.0,0.16439032554626465,0.0,entropy,100,"{'criterion': 'entropy', 'n_estimators': 100}",0.8933789763713785,0.8933789763713785,0.0,6
6,22.249030351638794,0.0,0.7659993171691895,0.0,entropy,500,"{'criterion': 'entropy', 'n_estimators': 500}",0.8953110685433497,0.8953110685433497,0.0,4
7,43.71008110046387,0.0,1.5259714126586914,0.0,entropy,1000,"{'criterion': 'entropy', 'n_estimators': 1000}",0.8956963289769417,0.8956963289769417,0.0,2
