,mean_fit_time,std_fit_time,mean_score_time,std_score_time,param_criterion,param_n_estimators,params,split0_test_score,mean_test_score,std_test_score,rank_test_score
0,0.6199977397918701,0.0,0.024000883102416992,0.0,gini,10,"{'criterion': 'gini', 'n_estimators': 10}",0.8825489023661057,0.8825489023661057,0.0,8
1,5.0349955558776855,0.0,0.16099977493286133,0.0,gini,100,"{'criterion': 'gini', 'n_estimators': 100}",0.8954100827689992,0.8954100827689992,0.0,6
2,23.971709966659546,0.0,0.7679998874664307,0.0,gini,500,"{'criterion': 'gini', 'n_estimators': 500}",0.8977310643977311,0.8977310643977311,0.0,3
3,47.00081515312195,0.0,1.5099997520446777,0.0,gini,1000,"{'criterion': 'gini', 'n_estimators': 1000}",0.8977481234361969,0.8977481234361969,0.0,2
4,0.6700048446655273,0.0,0.02199268341064453,0.0,entropy,10,"{'criterion': 'entropy', 'n_estimators': 10}",0.8838951310861424,0.8838951310861424,0.0,7
5,5.402994155883789,0.0,0.15399980545043945,0.0,entropy,100,"{'criterion': 'entropy', 'n_estimators': 100}",0.896937327881165,0.896937327881165,0.0,5
6,25.540713787078857,0.0,0.7450003623962402,0.0,entropy,500,"{'criterion': 'entropy', 'n_estimators': 500}",0.89780292942743,0.89780292942743,0.0,1
7,52.33034873008728,0.0,1.4530000686645508,0.0,entropy,1000,"{'criterion': 'entropy', 'n_estimators': 1000}",0.8974252145654529,0.8974252145654529,0.0,4
