,mean_fit_time,std_fit_time,mean_score_time,std_score_time,param_criterion,param_n_estimators,params,split0_test_score,mean_test_score,std_test_score,rank_test_score
0,0.5907840728759766,0.0,0.022705793380737305,0.0,gini,10,"{'criterion': 'gini', 'n_estimators': 10}",0.8788060725619693,0.8788060725619693,0.0,7
1,5.198404788970947,0.0,0.1629960536956787,0.0,gini,100,"{'criterion': 'gini', 'n_estimators': 100}",0.8964133433659393,0.8964133433659393,0.0,5
2,24.201478242874146,0.0,0.7689998149871826,0.0,gini,500,"{'criterion': 'gini', 'n_estimators': 500}",0.8973117381866755,0.8973117381866755,0.0,1
3,47.4739933013916,0.0,1.5290086269378662,0.0,gini,1000,"{'criterion': 'gini', 'n_estimators': 1000}",0.897104230993908,0.897104230993908,0.0,2
4,0.6315057277679443,0.0,0.021198034286499023,0.0,entropy,10,"{'criterion': 'entropy', 'n_estimators': 10}",0.8783367556468172,0.8783367556468172,0.0,8
5,5.546390056610107,0.0,0.15799832344055176,0.0,entropy,100,"{'criterion': 'entropy', 'n_estimators': 100}",0.8946006843027623,0.8946006843027623,0.0,6
6,25.909467458724976,0.0,0.73699951171875,0.0,entropy,500,"{'criterion': 'entropy', 'n_estimators': 500}",0.8965058236272879,0.8965058236272879,0.0,3
7,50.92558288574219,0.0,1.473498821258545,0.0,entropy,1000,"{'criterion': 'entropy', 'n_estimators': 1000}",0.8964368964368964,0.8964368964368964,0.0,4
