,mean_fit_time,std_fit_time,mean_score_time,std_score_time,param_criterion,param_n_estimators,params,split0_test_score,mean_test_score,std_test_score,rank_test_score
0,0.24763727188110352,0.0,0.0030639171600341797,0.0,gini,10,"{'criterion': 'gini', 'n_estimators': 10}",0.8729529391484226,0.8729529391484226,0.0,8
1,2.5520899295806885,0.0,0.15242362022399902,0.0,gini,100,"{'criterion': 'gini', 'n_estimators': 100}",0.8825321597833445,0.8825321597833445,0.0,4
2,12.117980241775513,0.0,0.704413652420044,0.0,gini,500,"{'criterion': 'gini', 'n_estimators': 500}",0.8824672581326574,0.8824672581326574,0.0,5
3,24.08482813835144,0.0,1.4067234992980957,0.0,gini,1000,"{'criterion': 'gini', 'n_estimators': 1000}",0.8828448348678096,0.8828448348678096,0.0,2
4,0.28130316734313965,0.0,0.036887407302856445,0.0,entropy,10,"{'criterion': 'entropy', 'n_estimators': 10}",0.8731933929800414,0.8731933929800414,0.0,7
5,2.774627685546875,0.0,0.13119769096374512,0.0,entropy,100,"{'criterion': 'entropy', 'n_estimators': 100}",0.881353065539112,0.881353065539112,0.0,6
6,13.465291023254395,0.0,0.703608512878418,0.0,entropy,500,"{'criterion': 'entropy', 'n_estimators': 500}",0.8829940018585791,0.8829940018585791,0.0,1
7,26.491575717926025,0.0,1.3748502731323242,0.0,entropy,1000,"{'criterion': 'entropy', 'n_estimators': 1000}",0.8826013513513514,0.8826013513513514,0.0,3
