,mean_fit_time,std_fit_time,mean_score_time,std_score_time,param_criterion,param_n_estimators,params,split0_test_score,mean_test_score,std_test_score,rank_test_score
0,0.35407209396362305,0.0,0.013066768646240234,0.0,gini,10,"{'criterion': 'gini', 'n_estimators': 10}",0.8754937317533916,0.8754937317533916,0.0,8
1,3.4608941078186035,0.0,0.1759662628173828,0.0,gini,100,"{'criterion': 'gini', 'n_estimators': 100}",0.8925841941714957,0.8925841941714957,0.0,6
2,16.40594244003296,0.0,0.7234058380126953,0.0,gini,500,"{'criterion': 'gini', 'n_estimators': 500}",0.8937704368240127,0.8937704368240127,0.0,1
3,31.964382886886597,0.0,1.3454716205596924,0.0,gini,1000,"{'criterion': 'gini', 'n_estimators': 1000}",0.8936955063715627,0.8936955063715627,0.0,2
4,0.39336323738098145,0.0,0.003060579299926758,0.0,entropy,10,"{'criterion': 'entropy', 'n_estimators': 10}",0.8782496782496783,0.8782496782496783,0.0,7
5,3.609809160232544,0.0,0.1496438980102539,0.0,entropy,100,"{'criterion': 'entropy', 'n_estimators': 100}",0.892788178994207,0.892788178994207,0.0,5
6,17.718582153320312,0.0,0.7201595306396484,0.0,entropy,500,"{'criterion': 'entropy', 'n_estimators': 500}",0.8932071362760701,0.8932071362760701,0.0,3
7,34.58672642707825,0.0,1.330502986907959,0.0,entropy,1000,"{'criterion': 'entropy', 'n_estimators': 1000}",0.8931681178834561,0.8931681178834561,0.0,4
