,mean_fit_time,std_fit_time,mean_score_time,std_score_time,param_criterion,param_n_estimators,params,split0_test_score,mean_test_score,std_test_score,rank_test_score
0,0.37697625160217285,0.0,0.020830869674682617,0.0,gini,10,"{'criterion': 'gini', 'n_estimators': 10}",0.880466472303207,0.880466472303207,0.0,7
1,3.4202046394348145,0.0,0.1504368782043457,0.0,gini,100,"{'criterion': 'gini', 'n_estimators': 100}",0.8969788266800569,0.8969788266800569,0.0,4
2,16.457960605621338,0.0,0.7358443737030029,0.0,gini,500,"{'criterion': 'gini', 'n_estimators': 500}",0.8972945891783568,0.8972945891783568,0.0,3
3,32.63334631919861,0.0,1.416576862335205,0.0,gini,1000,"{'criterion': 'gini', 'n_estimators': 1000}",0.8976864612043766,0.8976864612043766,0.0,2
4,0.4367482662200928,0.0,0.02081155776977539,0.0,entropy,10,"{'criterion': 'entropy', 'n_estimators': 10}",0.879746835443038,0.879746835443038,0.0,8
5,3.711623430252075,0.0,0.17136406898498535,0.0,entropy,100,"{'criterion': 'entropy', 'n_estimators': 100}",0.8956347215253386,0.8956347215253386,0.0,6
6,18.177393436431885,0.0,0.6948778629302979,0.0,entropy,500,"{'criterion': 'entropy', 'n_estimators': 500}",0.8963618157543392,0.8963618157543392,0.0,5
7,35.32603859901428,0.0,1.3768692016601562,0.0,entropy,1000,"{'criterion': 'entropy', 'n_estimators': 1000}",0.8980817347789825,0.8980817347789825,0.0,1
