,mean_fit_time,std_fit_time,mean_score_time,std_score_time,param_criterion,param_n_estimators,params,split0_test_score,mean_test_score,std_test_score,rank_test_score
0,0.445310115814209,0.0,0.029790878295898438,0.0,gini,10,"{'criterion': 'gini', 'n_estimators': 10}",0.8792765122429826,0.8792765122429826,0.0,7
1,4.540456295013428,0.0,0.1496593952178955,0.0,gini,100,"{'criterion': 'gini', 'n_estimators': 100}",0.8953799799129561,0.8953799799129561,0.0,6
2,21.307332754135132,0.0,0.6721763610839844,0.0,gini,500,"{'criterion': 'gini', 'n_estimators': 500}",0.8961191033790566,0.8961191033790566,0.0,5
3,42.01119923591614,0.0,1.348196268081665,0.0,gini,1000,"{'criterion': 'gini', 'n_estimators': 1000}",0.8971743855542552,0.8971743855542552,0.0,2
4,0.5998601913452148,0.0,0.01002049446105957,0.0,entropy,10,"{'criterion': 'entropy', 'n_estimators': 10}",0.8774392331393358,0.8774392331393358,0.0,8
5,4.780201435089111,0.0,0.16124534606933594,0.0,entropy,100,"{'criterion': 'entropy', 'n_estimators': 100}",0.896459362182975,0.896459362182975,0.0,4
6,23.424112796783447,0.0,0.6564731597900391,0.0,entropy,500,"{'criterion': 'entropy', 'n_estimators': 500}",0.897271134106651,0.897271134106651,0.0,1
7,47.82826781272888,0.0,1.3070707321166992,0.0,entropy,1000,"{'criterion': 'entropy', 'n_estimators': 1000}",0.8968512486427795,0.8968512486427795,0.0,3
