,mean_fit_time,std_fit_time,mean_score_time,std_score_time,param_criterion,param_n_estimators,params,split0_test_score,mean_test_score,std_test_score,rank_test_score
0,0.47700023651123047,0.0,0.017999887466430664,0.0,gini,10,"{'criterion': 'gini', 'n_estimators': 10}",0.8793527963418923,0.8793527963418923,0.0,8
1,4.3799989223480225,0.0,0.1490004062652588,0.0,gini,100,"{'criterion': 'gini', 'n_estimators': 100}",0.8914501978324445,0.8914501978324445,0.0,6
2,20.976462602615356,0.0,0.6905069351196289,0.0,gini,500,"{'criterion': 'gini', 'n_estimators': 500}",0.8935038187591179,0.8935038187591179,0.0,1
3,41.46965479850769,0.0,1.3760004043579102,0.0,gini,1000,"{'criterion': 'gini', 'n_estimators': 1000}",0.8933940383128598,0.8933940383128598,0.0,2
4,0.590003252029419,0.0,0.01899862289428711,0.0,entropy,10,"{'criterion': 'entropy', 'n_estimators': 10}",0.8810193321616873,0.8810193321616873,0.0,7
5,4.715999126434326,0.0,0.13900017738342285,0.0,entropy,100,"{'criterion': 'entropy', 'n_estimators': 100}",0.8917525773195877,0.8917525773195877,0.0,5
6,23.05896806716919,0.0,0.671001672744751,0.0,entropy,500,"{'criterion': 'entropy', 'n_estimators': 500}",0.8928908326901639,0.8928908326901639,0.0,4
7,44.883647203445435,0.0,1.3249766826629639,0.0,entropy,1000,"{'criterion': 'entropy', 'n_estimators': 1000}",0.8933722527472527,0.8933722527472527,0.0,3
