,mean_fit_time,std_fit_time,mean_score_time,std_score_time,param_criterion,param_n_estimators,params,split0_test_score,mean_test_score,std_test_score,rank_test_score
0,0.46399855613708496,0.0,0.02400064468383789,0.0,gini,10,"{'criterion': 'gini', 'n_estimators': 10}",0.8796840719613865,0.8796840719613865,0.0,7
1,4.0699992179870605,0.0,0.15200519561767578,0.0,gini,100,"{'criterion': 'gini', 'n_estimators': 100}",0.8900154665750128,0.8900154665750128,0.0,6
2,19.401134490966797,0.0,0.7269983291625977,0.0,gini,500,"{'criterion': 'gini', 'n_estimators': 500}",0.8929490478641275,0.8929490478641275,0.0,3
3,38.19058895111084,0.0,1.4340002536773682,0.0,gini,1000,"{'criterion': 'gini', 'n_estimators': 1000}",0.8924555832117415,0.8924555832117415,0.0,4
4,0.4719991683959961,0.0,0.01900005340576172,0.0,entropy,10,"{'criterion': 'entropy', 'n_estimators': 10}",0.8788939446972348,0.8788939446972348,0.0,8
5,4.377000570297241,0.0,0.14499926567077637,0.0,entropy,100,"{'criterion': 'entropy', 'n_estimators': 100}",0.8915621240763019,0.8915621240763019,0.0,5
6,20.94913148880005,0.0,0.6940004825592041,0.0,entropy,500,"{'criterion': 'entropy', 'n_estimators': 500}",0.8931539713820581,0.8931539713820581,0.0,2
7,42.038270473480225,0.0,1.3740415573120117,0.0,entropy,1000,"{'criterion': 'entropy', 'n_estimators': 1000}",0.8934236474320502,0.8934236474320502,0.0,1
