,mean_fit_time,std_fit_time,mean_score_time,std_score_time,param_criterion,param_n_estimators,params,split0_test_score,mean_test_score,std_test_score,rank_test_score
0,0.4609997272491455,0.0,0.01899886131286621,0.0,gini,10,"{'criterion': 'gini', 'n_estimators': 10}",0.8766570099201123,0.8766570099201123,0.0,8
1,4.116518497467041,0.0,0.15600085258483887,0.0,gini,100,"{'criterion': 'gini', 'n_estimators': 100}",0.891162310866575,0.891162310866575,0.0,3
2,19.555208206176758,0.0,0.7330014705657959,0.0,gini,500,"{'criterion': 'gini', 'n_estimators': 500}",0.8914422912021951,0.8914422912021951,0.0,2
3,38.42620849609375,0.0,1.4648187160491943,0.0,gini,1000,"{'criterion': 'gini', 'n_estimators': 1000}",0.8911366363792217,0.8911366363792217,0.0,4
4,0.5049896240234375,0.0,0.02300095558166504,0.0,entropy,10,"{'criterion': 'entropy', 'n_estimators': 10}",0.8773162378150523,0.8773162378150523,0.0,7
5,4.4585182666778564,0.0,0.14899945259094238,0.0,entropy,100,"{'criterion': 'entropy', 'n_estimators': 100}",0.8886219323837309,0.8886219323837309,0.0,6
6,21.149211406707764,0.0,0.7060000896453857,0.0,entropy,500,"{'criterion': 'entropy', 'n_estimators': 500}",0.8917808219178083,0.8917808219178083,0.0,1
7,41.75583505630493,0.0,1.4085693359375,0.0,entropy,1000,"{'criterion': 'entropy', 'n_estimators': 1000}",0.8910196044859174,0.8910196044859174,0.0,5
