,mean_fit_time,std_fit_time,mean_score_time,std_score_time,param_criterion,param_n_estimators,params,split0_test_score,mean_test_score,std_test_score,rank_test_score
0,0.399491548538208,0.0,0.019001007080078125,0.0,gini,10,"{'criterion': 'gini', 'n_estimators': 10}",0.8757894736842107,0.8757894736842107,0.0,8
1,3.975491762161255,0.0,0.15799903869628906,0.0,gini,100,"{'criterion': 'gini', 'n_estimators': 100}",0.8891373527135117,0.8891373527135117,0.0,6
2,18.797502994537354,0.0,0.8879985809326172,0.0,gini,500,"{'criterion': 'gini', 'n_estimators': 500}",0.8916509514829419,0.8916509514829419,0.0,3
3,37.09308385848999,0.0,1.4969594478607178,0.0,gini,1000,"{'criterion': 'gini', 'n_estimators': 1000}",0.8914775160599572,0.8914775160599572,0.0,5
4,0.4884910583496094,0.0,0.019000768661499023,0.0,entropy,10,"{'criterion': 'entropy', 'n_estimators': 10}",0.878211897219289,0.878211897219289,0.0,7
5,4.324514627456665,0.0,0.14998435974121094,0.0,entropy,100,"{'criterion': 'entropy', 'n_estimators': 100}",0.8914855228112382,0.8914855228112382,0.0,4
6,20.301501512527466,0.0,0.7200028896331787,0.0,entropy,500,"{'criterion': 'entropy', 'n_estimators': 500}",0.8920629490249744,0.8920629490249744,0.0,1
7,40.33044910430908,0.0,1.4290273189544678,0.0,entropy,1000,"{'criterion': 'entropy', 'n_estimators': 1000}",0.8917415489944374,0.8917415489944374,0.0,2
