,mean_fit_time,std_fit_time,mean_score_time,std_score_time,param_criterion,param_n_estimators,params,split0_test_score,mean_test_score,std_test_score,rank_test_score
0,0.42499518394470215,0.0,0.019998788833618164,0.0,gini,10,"{'criterion': 'gini', 'n_estimators': 10}",0.8754935509344565,0.8754935509344565,0.0,7
1,3.908273935317993,0.0,0.16300058364868164,0.0,gini,100,"{'criterion': 'gini', 'n_estimators': 100}",0.8904520888736381,0.8904520888736381,0.0,4
2,18.194173336029053,0.0,0.7620022296905518,0.0,gini,500,"{'criterion': 'gini', 'n_estimators': 500}",0.8905660377358491,0.8905660377358491,0.0,3
3,36.049943923950195,0.0,1.5388844013214111,0.0,gini,1000,"{'criterion': 'gini', 'n_estimators': 1000}",0.8909635974304069,0.8909635974304069,0.0,2
4,0.4799940586090088,0.0,0.02200007438659668,0.0,entropy,10,"{'criterion': 'entropy', 'n_estimators': 10}",0.8736519070583076,0.8736519070583076,0.0,8
5,4.101273775100708,0.0,0.1510012149810791,0.0,entropy,100,"{'criterion': 'entropy', 'n_estimators': 100}",0.8896126157010629,0.8896126157010629,0.0,6
6,19.67617630958557,0.0,0.7420005798339844,0.0,entropy,500,"{'criterion': 'entropy', 'n_estimators': 500}",0.8902209282411373,0.8902209282411373,0.0,5
7,38.92006468772888,0.0,1.4620544910430908,0.0,entropy,1000,"{'criterion': 'entropy', 'n_estimators': 1000}",0.8909822728440525,0.8909822728440525,0.0,1
