,mean_fit_time,std_fit_time,mean_score_time,std_score_time,param_criterion,param_n_estimators,params,split0_test_score,mean_test_score,std_test_score,rank_test_score
0,0.48799896240234375,0.0,0.019997596740722656,0.0,gini,10,"{'criterion': 'gini', 'n_estimators': 10}",0.87854392719636,0.87854392719636,0.0,7
1,4.537856578826904,0.0,0.15400147438049316,0.0,gini,100,"{'criterion': 'gini', 'n_estimators': 100}",0.8901476141434946,0.8901476141434946,0.0,6
2,21.37810730934143,0.0,0.7380001544952393,0.0,gini,500,"{'criterion': 'gini', 'n_estimators': 500}",0.8912316790948829,0.8912316790948829,0.0,5
3,42.25339126586914,0.0,1.4693498611450195,0.0,gini,1000,"{'criterion': 'gini', 'n_estimators': 1000}",0.8914403221660526,0.8914403221660526,0.0,4
4,0.597996711730957,0.0,0.01799941062927246,0.0,entropy,10,"{'criterion': 'entropy', 'n_estimators': 10}",0.8763313088636564,0.8763313088636564,0.0,8
5,4.832857847213745,0.0,0.1470017433166504,0.0,entropy,100,"{'criterion': 'entropy', 'n_estimators': 100}",0.8915600583841333,0.8915600583841333,0.0,3
6,23.248560428619385,0.0,0.7150027751922607,0.0,entropy,500,"{'criterion': 'entropy', 'n_estimators': 500}",0.8926002055498459,0.8926002055498459,0.0,2
7,45.154958963394165,0.0,1.4009499549865723,0.0,entropy,1000,"{'criterion': 'entropy', 'n_estimators': 1000}",0.892713417244627,0.892713417244627,0.0,1
