,mean_fit_time,std_fit_time,mean_score_time,std_score_time,param_criterion,param_n_estimators,params,split0_test_score,mean_test_score,std_test_score,rank_test_score
0,0.523998498916626,0.0,0.021000146865844727,0.0,gini,10,"{'criterion': 'gini', 'n_estimators': 10}",0.8786654960491659,0.8786654960491659,0.0,8
1,4.444997787475586,0.0,0.15599989891052246,0.0,gini,100,"{'criterion': 'gini', 'n_estimators': 100}",0.8911010040332962,0.8911010040332962,0.0,6
2,21.410796880722046,0.0,0.7440001964569092,0.0,gini,500,"{'criterion': 'gini', 'n_estimators': 500}",0.892125781852455,0.892125781852455,0.0,2
3,41.91324830055237,0.0,1.4660000801086426,0.0,gini,1000,"{'criterion': 'gini', 'n_estimators': 1000}",0.8918201284796574,0.8918201284796574,0.0,4
4,0.5209970474243164,0.0,0.02200174331665039,0.0,entropy,10,"{'criterion': 'entropy', 'n_estimators': 10}",0.8799228137882641,0.8799228137882641,0.0,7
5,4.790175199508667,0.0,0.15200185775756836,0.0,entropy,100,"{'criterion': 'entropy', 'n_estimators': 100}",0.8914609053497942,0.8914609053497942,0.0,5
6,22.983795881271362,0.0,0.7070000171661377,0.0,entropy,500,"{'criterion': 'entropy', 'n_estimators': 500}",0.892239163954086,0.892239163954086,0.0,1
7,45.062684297561646,0.0,1.4217913150787354,0.0,entropy,1000,"{'criterion': 'entropy', 'n_estimators': 1000}",0.891989044847655,0.891989044847655,0.0,3
