,mean_fit_time,std_fit_time,mean_score_time,std_score_time,param_criterion,param_n_estimators,params,split0_test_score,mean_test_score,std_test_score,rank_test_score
0,0.14899945259094238,0.0,0.011000633239746094,0.0,gini,10,"{'criterion': 'gini', 'n_estimators': 10}",0.8649774962493749,0.8649774962493749,0.0,1
1,1.1739990711212158,0.0,0.0839998722076416,0.0,gini,100,"{'criterion': 'gini', 'n_estimators': 100}",0.8649774962493749,0.8649774962493749,0.0,1
2,5.426135540008545,0.0,0.3729996681213379,0.0,gini,500,"{'criterion': 'gini', 'n_estimators': 500}",0.8649774962493749,0.8649774962493749,0.0,1
3,10.660135507583618,0.0,0.742999792098999,0.0,gini,1000,"{'criterion': 'gini', 'n_estimators': 1000}",0.8649774962493749,0.8649774962493749,0.0,1
4,0.11700034141540527,0.0,0.010997295379638672,0.0,entropy,10,"{'criterion': 'entropy', 'n_estimators': 10}",0.8649774962493749,0.8649774962493749,0.0,1
5,1.1239988803863525,0.0,0.08300018310546875,0.0,entropy,100,"{'criterion': 'entropy', 'n_estimators': 100}",0.8649774962493749,0.8649774962493749,0.0,1
6,5.375143051147461,0.0,0.37799978256225586,0.0,entropy,500,"{'criterion': 'entropy', 'n_estimators': 500}",0.8649774962493749,0.8649774962493749,0.0,1
7,10.508141994476318,0.0,0.7490003108978271,0.0,entropy,1000,"{'criterion': 'entropy', 'n_estimators': 1000}",0.8649774962493749,0.8649774962493749,0.0,1
