,mean_fit_time,std_fit_time,mean_score_time,std_score_time,param_criterion,param_n_estimators,params,split0_test_score,mean_test_score,std_test_score,rank_test_score
0,0.5209901332855225,0.0,0.02300238609313965,0.0,gini,10,"{'criterion': 'gini', 'n_estimators': 10}",0.8769015562161216,0.8769015562161216,0.0,7
1,4.601994037628174,0.0,0.1659996509552002,0.0,gini,100,"{'criterion': 'gini', 'n_estimators': 100}",0.8906048906048906,0.8906048906048906,0.0,5
2,21.92190957069397,0.0,0.8020005226135254,0.0,gini,500,"{'criterion': 'gini', 'n_estimators': 500}",0.8912466843501327,0.8912466843501327,0.0,3
3,43.03111934661865,0.0,1.5214359760284424,0.0,gini,1000,"{'criterion': 'gini', 'n_estimators': 1000}",0.8903546342299126,0.8903546342299126,0.0,6
4,0.5399906635284424,0.0,0.019999980926513672,0.0,entropy,10,"{'criterion': 'entropy', 'n_estimators': 10}",0.8736176935229069,0.8736176935229069,0.0,8
5,4.778990983963013,0.0,0.15399932861328125,0.0,entropy,100,"{'criterion': 'entropy', 'n_estimators': 100}",0.890926227401251,0.890926227401251,0.0,4
6,23.481008052825928,0.0,0.7481553554534912,0.0,entropy,500,"{'criterion': 'entropy', 'n_estimators': 500}",0.892486935663497,0.892486935663497,0.0,1
7,45.98255801200867,0.0,1.4529991149902344,0.0,entropy,1000,"{'criterion': 'entropy', 'n_estimators': 1000}",0.8917230163485407,0.8917230163485407,0.0,2
