,mean_fit_time,std_fit_time,mean_score_time,std_score_time,param_criterion,param_n_estimators,params,split0_test_score,mean_test_score,std_test_score,rank_test_score
0,0.5039925575256348,0.0,0.020999670028686523,0.0,gini,10,"{'criterion': 'gini', 'n_estimators': 10}",0.8738034600860631,0.8738034600860631,0.0,8
1,4.569993019104004,0.0,0.17100262641906738,0.0,gini,100,"{'criterion': 'gini', 'n_estimators': 100}",0.8891562124076302,0.8891562124076302,0.0,6
2,21.352432250976562,0.0,0.771000862121582,0.0,gini,500,"{'criterion': 'gini', 'n_estimators': 500}",0.8910958904109588,0.8910958904109588,0.0,2
3,42.19143223762512,0.0,1.5319998264312744,0.0,gini,1000,"{'criterion': 'gini', 'n_estimators': 1000}",0.8918363854184493,0.8918363854184493,0.0,1
4,0.6249918937683105,0.0,0.019000530242919922,0.0,entropy,10,"{'criterion': 'entropy', 'n_estimators': 10}",0.876940619243926,0.876940619243926,0.0,7
5,4.850993394851685,0.0,0.15600132942199707,0.0,entropy,100,"{'criterion': 'entropy', 'n_estimators': 100}",0.8899554336647242,0.8899554336647242,0.0,5
6,22.89843440055847,0.0,0.7370002269744873,0.0,entropy,500,"{'criterion': 'entropy', 'n_estimators': 500}",0.8908095156597637,0.8908095156597637,0.0,3
7,45.221654653549194,0.0,1.4604909420013428,0.0,entropy,1000,"{'criterion': 'entropy', 'n_estimators': 1000}",0.8906557236898351,0.8906557236898351,0.0,4
