,mean_fit_time,std_fit_time,mean_score_time,std_score_time,param_criterion,param_n_estimators,params,split0_test_score,mean_test_score,std_test_score,rank_test_score
0,0.5214495658874512,0.0,0.02600240707397461,0.0,gini,10,"{'criterion': 'gini', 'n_estimators': 10}",0.8788063868772359,0.8788063868772359,0.0,7
1,4.48345160484314,0.0,0.16700100898742676,0.0,gini,100,"{'criterion': 'gini', 'n_estimators': 100}",0.8898799313893653,0.8898799313893653,0.0,5
2,21.184449195861816,0.0,0.7769994735717773,0.0,gini,500,"{'criterion': 'gini', 'n_estimators': 500}",0.891207663359562,0.891207663359562,0.0,3
3,41.631858348846436,0.0,1.565999984741211,0.0,gini,1000,"{'criterion': 'gini', 'n_estimators': 1000}",0.890392190443569,0.890392190443569,0.0,4
4,0.5914490222930908,0.0,0.019001483917236328,0.0,entropy,10,"{'criterion': 'entropy', 'n_estimators': 10}",0.8735713029716897,0.8735713029716897,0.0,8
5,4.9154486656188965,0.0,0.15400028228759766,0.0,entropy,100,"{'criterion': 'entropy', 'n_estimators': 100}",0.8894416330731623,0.8894416330731623,0.0,6
6,22.790449380874634,0.0,0.7439992427825928,0.0,entropy,500,"{'criterion': 'entropy', 'n_estimators': 500}",0.8919681806517834,0.8919681806517834,0.0,2
7,45.00160264968872,0.0,1.4802582263946533,0.0,entropy,1000,"{'criterion': 'entropy', 'n_estimators': 1000}",0.8921023359288098,0.8921023359288098,0.0,1
