,mean_fit_time,std_fit_time,mean_score_time,std_score_time,param_criterion,param_n_estimators,params,split0_test_score,mean_test_score,std_test_score,rank_test_score
0,0.5143005847930908,0.0,0.025996923446655273,0.0,gini,10,"{'criterion': 'gini', 'n_estimators': 10}",0.8747910250769907,0.8747910250769907,0.0,8
1,4.485360383987427,0.0,0.16499853134155273,0.0,gini,100,"{'criterion': 'gini', 'n_estimators': 100}",0.8894424877587837,0.8894424877587837,0.0,3
2,21.437244415283203,0.0,0.8005239963531494,0.0,gini,500,"{'criterion': 'gini', 'n_estimators': 500}",0.889402499571991,0.889402499571991,0.0,5
3,42.4011435508728,0.0,1.5755696296691895,0.0,gini,1000,"{'criterion': 'gini', 'n_estimators': 1000}",0.8893646172289775,0.8893646172289775,0.0,6
4,0.5932950973510742,0.0,0.02200007438659668,0.0,entropy,10,"{'criterion': 'entropy', 'n_estimators': 10}",0.8758135444151275,0.8758135444151275,0.0,7
5,4.831358909606934,0.0,0.16300153732299805,0.0,entropy,100,"{'criterion': 'entropy', 'n_estimators': 100}",0.8894226644934374,0.8894226644934374,0.0,4
6,23.149760246276855,0.0,0.7689990997314453,0.0,entropy,500,"{'criterion': 'entropy', 'n_estimators': 500}",0.8902001026167266,0.8902001026167266,0.0,2
7,45.597657442092896,0.0,1.5445420742034912,0.0,entropy,1000,"{'criterion': 'entropy', 'n_estimators': 1000}",0.8916631038905516,0.8916631038905516,0.0,1
