,mean_fit_time,std_fit_time,mean_score_time,std_score_time,param_criterion,param_n_estimators,params,split0_test_score,mean_test_score,std_test_score,rank_test_score
0,0.4889988899230957,0.0,0.021002531051635742,0.0,gini,10,"{'criterion': 'gini', 'n_estimators': 10}",0.8740040276683303,0.8740040276683303,0.0,8
1,4.435544729232788,0.0,0.17100071907043457,0.0,gini,100,"{'criterion': 'gini', 'n_estimators': 100}",0.8884889003171339,0.8884889003171339,0.0,6
2,20.938417196273804,0.0,0.8502051830291748,0.0,gini,500,"{'criterion': 'gini', 'n_estimators': 500}",0.8893456663240837,0.8893456663240837,0.0,4
3,41.879804849624634,0.0,1.6071767807006836,0.0,gini,1000,"{'criterion': 'gini', 'n_estimators': 1000}",0.8898210769625888,0.8898210769625888,0.0,3
4,0.6410243511199951,0.0,0.02085566520690918,0.0,entropy,10,"{'criterion': 'entropy', 'n_estimators': 10}",0.876729119243565,0.876729119243565,0.0,7
5,4.84954309463501,0.0,0.1659986972808838,0.0,entropy,100,"{'criterion': 'entropy', 'n_estimators': 100}",0.8891553880418023,0.8891553880418023,0.0,5
6,23.47797441482544,0.0,0.7770004272460938,0.0,entropy,500,"{'criterion': 'entropy', 'n_estimators': 500}",0.8902751666381816,0.8902751666381816,0.0,1
7,44.80077385902405,0.0,1.5380055904388428,0.0,entropy,1000,"{'criterion': 'entropy', 'n_estimators': 1000}",0.8901803264678233,0.8901803264678233,0.0,2
