,mean_fit_time,std_fit_time,mean_score_time,std_score_time,param_criterion,param_n_estimators,params,split0_test_score,mean_test_score,std_test_score,rank_test_score
0,0.24499964714050293,0.0,0.01900172233581543,0.0,gini,10,"{'criterion': 'gini', 'n_estimators': 10}",0.8586755782253099,0.8586755782253099,0.0,7
1,2.040998935699463,0.0,0.13900303840637207,0.0,gini,100,"{'criterion': 'gini', 'n_estimators': 100}",0.863233616983946,0.863233616983946,0.0,5
2,9.679140567779541,0.0,0.6620004177093506,0.0,gini,500,"{'criterion': 'gini', 'n_estimators': 500}",0.8647228789072761,0.8647228789072761,0.0,4
3,19.197139978408813,0.0,1.3209993839263916,0.0,gini,1000,"{'criterion': 'gini', 'n_estimators': 1000}",0.8657864824691789,0.8657864824691789,0.0,2
4,0.2369978427886963,0.0,0.017003297805786133,0.0,entropy,10,"{'criterion': 'entropy', 'n_estimators': 10}",0.8580974151573766,0.8580974151573766,0.0,8
5,2.147998571395874,0.0,0.13500070571899414,0.0,entropy,100,"{'criterion': 'entropy', 'n_estimators': 100}",0.8624287593160894,0.8624287593160894,0.0,6
6,10.318140983581543,0.0,0.6489996910095215,0.0,entropy,500,"{'criterion': 'entropy', 'n_estimators': 500}",0.8650210084033614,0.8650210084033614,0.0,3
7,20.27314019203186,0.0,1.2938737869262695,0.0,entropy,1000,"{'criterion': 'entropy', 'n_estimators': 1000}",0.8661541149746637,0.8661541149746637,0.0,1
