,mean_fit_time,std_fit_time,mean_score_time,std_score_time,param_criterion,param_n_estimators,params,split0_test_score,mean_test_score,std_test_score,rank_test_score
0,0.403353214263916,0.0,0.020194053649902344,0.0,gini,10,"{'criterion': 'gini', 'n_estimators': 10}",0.8704389212057114,0.8704389212057114,0.0,8
1,3.6169514656066895,0.0,0.1407642364501953,0.0,gini,100,"{'criterion': 'gini', 'n_estimators': 100}",0.885790977573816,0.885790977573816,0.0,5
2,17.059930086135864,0.0,0.6694216728210449,0.0,gini,500,"{'criterion': 'gini', 'n_estimators': 500}",0.8863341688996457,0.8863341688996457,0.0,2
3,33.65480995178223,0.0,1.2966585159301758,0.0,gini,1000,"{'criterion': 'gini', 'n_estimators': 1000}",0.8859118409680208,0.8859118409680208,0.0,4
4,0.4295470714569092,0.0,0.020000457763671875,0.0,entropy,10,"{'criterion': 'entropy', 'n_estimators': 10}",0.8716090836794204,0.8716090836794204,0.0,7
5,4.029503345489502,0.0,0.1324613094329834,0.0,entropy,100,"{'criterion': 'entropy', 'n_estimators': 100}",0.8856969801851692,0.8856969801851692,0.0,6
6,18.881789684295654,0.0,0.6476142406463623,0.0,entropy,500,"{'criterion': 'entropy', 'n_estimators': 500}",0.8863185153215366,0.8863185153215366,0.0,3
7,37.132869243621826,0.0,1.2717556953430176,0.0,entropy,1000,"{'criterion': 'entropy', 'n_estimators': 1000}",0.8866637893828225,0.8866637893828225,0.0,1
