,mean_fit_time,std_fit_time,mean_score_time,std_score_time,param_criterion,param_n_estimators,params,split0_test_score,mean_test_score,std_test_score,rank_test_score
0,0.3789846897125244,0.0,0.010066747665405273,0.0,gini,10,"{'criterion': 'gini', 'n_estimators': 10}",0.8787932251235003,0.8787932251235003,0.0,7
1,3.388637065887451,0.0,0.1409158706665039,0.0,gini,100,"{'criterion': 'gini', 'n_estimators': 100}",0.8907533950350316,0.8907533950350316,0.0,5
2,16.29617404937744,0.0,0.6875271797180176,0.0,gini,500,"{'criterion': 'gini', 'n_estimators': 500}",0.8922970877132518,0.8922970877132518,0.0,1
3,32.065247774124146,0.0,1.354311227798462,0.0,gini,1000,"{'criterion': 'gini', 'n_estimators': 1000}",0.8919710544452102,0.8919710544452102,0.0,2
4,0.4189338684082031,0.0,0.021900653839111328,0.0,entropy,10,"{'criterion': 'entropy', 'n_estimators': 10}",0.8766084963863917,0.8766084963863917,0.0,8
5,3.801281690597534,0.0,0.16160202026367188,0.0,entropy,100,"{'criterion': 'entropy', 'n_estimators': 100}",0.889273057308324,0.889273057308324,0.0,6
6,17.836911916732788,0.0,0.656965970993042,0.0,entropy,500,"{'criterion': 'entropy', 'n_estimators': 500}",0.8916056823073611,0.8916056823073611,0.0,3
7,34.948429584503174,0.0,1.3176414966583252,0.0,entropy,1000,"{'criterion': 'entropy', 'n_estimators': 1000}",0.8915102462545204,0.8915102462545204,0.0,4
