,mean_fit_time,std_fit_time,mean_score_time,std_score_time,param_criterion,param_n_estimators,params,split0_test_score,mean_test_score,std_test_score,rank_test_score
0,0.37634921073913574,0.0,0.02080535888671875,0.0,gini,10,"{'criterion': 'gini', 'n_estimators': 10}",0.8762005463036392,0.8762005463036392,0.0,8
1,3.4664008617401123,0.0,0.14774107933044434,0.0,gini,100,"{'criterion': 'gini', 'n_estimators': 100}",0.8922176308539944,0.8922176308539944,0.0,6
2,16.555721044540405,0.0,0.7338814735412598,0.0,gini,500,"{'criterion': 'gini', 'n_estimators': 500}",0.8937559048355236,0.8937559048355236,0.0,2
3,32.78065299987793,0.0,1.4632210731506348,0.0,gini,1000,"{'criterion': 'gini', 'n_estimators': 1000}",0.8936571968071411,0.8936571968071411,0.0,3
4,0.4051523208618164,0.0,0.01688241958618164,0.0,entropy,10,"{'criterion': 'entropy', 'n_estimators': 10}",0.8813440056293429,0.8813440056293429,0.0,7
5,3.7156662940979004,0.0,0.14977169036865234,0.0,entropy,100,"{'criterion': 'entropy', 'n_estimators': 100}",0.8927282104177412,0.8927282104177412,0.0,5
6,18.1983540058136,0.0,0.6779451370239258,0.0,entropy,500,"{'criterion': 'entropy', 'n_estimators': 500}",0.8934707903780069,0.8934707903780069,0.0,4
7,35.15425086021423,0.0,1.3517231941223145,0.0,entropy,1000,"{'criterion': 'entropy', 'n_estimators': 1000}",0.8939017068359207,0.8939017068359207,0.0,1
