,mean_fit_time,std_fit_time,mean_score_time,std_score_time,param_criterion,param_n_estimators,params,split0_test_score,mean_test_score,std_test_score,rank_test_score
0,0.3746612071990967,0.0,0.02381587028503418,0.0,gini,10,"{'criterion': 'gini', 'n_estimators': 10}",0.8794725274725275,0.8794725274725275,0.0,8
1,3.4814417362213135,0.0,0.14267611503601074,0.0,gini,100,"{'criterion': 'gini', 'n_estimators': 100}",0.8926543953208327,0.8926543953208327,0.0,4
2,16.689224004745483,0.0,0.7199065685272217,0.0,gini,500,"{'criterion': 'gini', 'n_estimators': 500}",0.8921122650416273,0.8921122650416273,0.0,5
3,32.53893518447876,0.0,1.4365129470825195,0.0,gini,1000,"{'criterion': 'gini', 'n_estimators': 1000}",0.8931788931788931,0.8931788931788931,0.0,3
4,0.3757150173187256,0.0,0.029867887496948242,0.0,entropy,10,"{'criterion': 'entropy', 'n_estimators': 10}",0.8821259428170496,0.8821259428170496,0.0,7
5,3.7566287517547607,0.0,0.1513814926147461,0.0,entropy,100,"{'criterion': 'entropy', 'n_estimators': 100}",0.891481513253839,0.891481513253839,0.0,6
6,18.222418069839478,0.0,0.6866614818572998,0.0,entropy,500,"{'criterion': 'entropy', 'n_estimators': 500}",0.893806827929319,0.893806827929319,0.0,2
7,35.44022798538208,0.0,1.3848979473114014,0.0,entropy,1000,"{'criterion': 'entropy', 'n_estimators': 1000}",0.8938250428816468,0.8938250428816468,0.0,1
