,mean_fit_time,std_fit_time,mean_score_time,std_score_time,param_criterion,param_n_estimators,params,split0_test_score,mean_test_score,std_test_score,rank_test_score
0,0.47809791564941406,0.0,0.0298919677734375,0.0,gini,10,"{'criterion': 'gini', 'n_estimators': 10}",0.8760731939987858,0.8760731939987858,0.0,8
1,4.383365154266357,0.0,0.1712181568145752,0.0,gini,100,"{'criterion': 'gini', 'n_estimators': 100}",0.8879068581626582,0.8879068581626582,0.0,6
2,21.045127391815186,0.0,0.7026684284210205,0.0,gini,500,"{'criterion': 'gini', 'n_estimators': 500}",0.8901694915254238,0.8901694915254238,0.0,1
3,41.891886711120605,0.0,1.3801751136779785,0.0,gini,1000,"{'criterion': 'gini', 'n_estimators': 1000}",0.8897731120894006,0.8897731120894006,0.0,2
4,0.5378007888793945,0.0,0.015050172805786133,0.0,entropy,10,"{'criterion': 'entropy', 'n_estimators': 10}",0.8772687986171133,0.8772687986171133,0.0,7
5,4.729505300521851,0.0,0.14544129371643066,0.0,entropy,100,"{'criterion': 'entropy', 'n_estimators': 100}",0.8882108653275702,0.8882108653275702,0.0,5
6,23.016138792037964,0.0,0.6804301738739014,0.0,entropy,500,"{'criterion': 'entropy', 'n_estimators': 500}",0.888870066068101,0.888870066068101,0.0,4
7,44.512627601623535,0.0,1.3258557319641113,0.0,entropy,1000,"{'criterion': 'entropy', 'n_estimators': 1000}",0.8897544453852668,0.8897544453852668,0.0,3
