,mean_fit_time,std_fit_time,mean_score_time,std_score_time,param_criterion,param_n_estimators,params,split0_test_score,mean_test_score,std_test_score,rank_test_score
0,0.44338202476501465,0.0,0.03001260757446289,0.0,gini,10,"{'criterion': 'gini', 'n_estimators': 10}",0.8685535683278347,0.8685535683278347,0.0,8
1,3.975933313369751,0.0,0.15245509147644043,0.0,gini,100,"{'criterion': 'gini', 'n_estimators': 100}",0.8883614478257185,0.8883614478257185,0.0,5
2,18.97762370109558,0.0,0.7341384887695312,0.0,gini,500,"{'criterion': 'gini', 'n_estimators': 500}",0.8888324012879172,0.8888324012879172,0.0,3
3,37.7330322265625,0.0,1.4537224769592285,0.0,gini,1000,"{'criterion': 'gini', 'n_estimators': 1000}",0.8895284855667486,0.8895284855667486,0.0,1
4,0.49820756912231445,0.0,0.005060434341430664,0.0,entropy,10,"{'criterion': 'entropy', 'n_estimators': 10}",0.8743405690564732,0.8743405690564732,0.0,7
5,4.437164068222046,0.0,0.1487879753112793,0.0,entropy,100,"{'criterion': 'entropy', 'n_estimators': 100}",0.8862458584657209,0.8862458584657209,0.0,6
6,21.160480499267578,0.0,0.6876919269561768,0.0,entropy,500,"{'criterion': 'entropy', 'n_estimators': 500}",0.8887760284408329,0.8887760284408329,0.0,4
7,40.67052602767944,0.0,1.3665707111358643,0.0,entropy,1000,"{'criterion': 'entropy', 'n_estimators': 1000}",0.8894153481682038,0.8894153481682038,0.0,2
