,mean_fit_time,std_fit_time,mean_score_time,std_score_time,param_criterion,param_n_estimators,params,split0_test_score,mean_test_score,std_test_score,rank_test_score
0,0.4589238166809082,0.0,0.005052804946899414,0.0,gini,10,"{'criterion': 'gini', 'n_estimators': 10}",0.8727715453517698,0.8727715453517698,0.0,7
1,4.007282972335815,0.0,0.15375089645385742,0.0,gini,100,"{'criterion': 'gini', 'n_estimators': 100}",0.8878900949796472,0.8878900949796472,0.0,4
2,19.453170776367188,0.0,0.7365567684173584,0.0,gini,500,"{'criterion': 'gini', 'n_estimators': 500}",0.8886442543822508,0.8886442543822508,0.0,1
3,38.05299186706543,0.0,1.449120044708252,0.0,gini,1000,"{'criterion': 'gini', 'n_estimators': 1000}",0.8885501355013551,0.8885501355013551,0.0,2
4,0.4639766216278076,0.0,0.025786399841308594,0.0,entropy,10,"{'criterion': 'entropy', 'n_estimators': 10}",0.8725168422870963,0.8725168422870963,0.0,8
5,4.292331218719482,0.0,0.15838098526000977,0.0,entropy,100,"{'criterion': 'entropy', 'n_estimators': 100}",0.8865752497037414,0.8865752497037414,0.0,6
6,21.726059436798096,0.0,0.7022674083709717,0.0,entropy,500,"{'criterion': 'entropy', 'n_estimators': 500}",0.8877982738195972,0.8877982738195972,0.0,5
7,41.98288559913635,0.0,1.3843379020690918,0.0,entropy,1000,"{'criterion': 'entropy', 'n_estimators': 1000}",0.8883059739380605,0.8883059739380605,0.0,3
