,mean_fit_time,std_fit_time,mean_score_time,std_score_time,param_criterion,param_n_estimators,params,split0_test_score,mean_test_score,std_test_score,rank_test_score
0,0.4540696144104004,0.0,0.01005697250366211,0.0,gini,10,"{'criterion': 'gini', 'n_estimators': 10}",0.8729540140296181,0.8729540140296181,0.0,7
1,3.9491546154022217,0.0,0.1674504280090332,0.0,gini,100,"{'criterion': 'gini', 'n_estimators': 100}",0.8868372014230052,0.8868372014230052,0.0,5
2,18.943610668182373,0.0,0.7342743873596191,0.0,gini,500,"{'criterion': 'gini', 'n_estimators': 500}",0.8886631106595547,0.8886631106595547,0.0,1
3,36.841994285583496,0.0,1.4882535934448242,0.0,gini,1000,"{'criterion': 'gini', 'n_estimators': 1000}",0.8881551096435526,0.8881551096435526,0.0,3
4,0.5217831134796143,0.0,0.018865346908569336,0.0,entropy,10,"{'criterion': 'entropy', 'n_estimators': 10}",0.8697006402491781,0.8697006402491781,0.0,8
5,4.218440055847168,0.0,0.14932656288146973,0.0,entropy,100,"{'criterion': 'entropy', 'n_estimators': 100}",0.8862366683595734,0.8862366683595734,0.0,6
6,20.5473473072052,0.0,0.7162015438079834,0.0,entropy,500,"{'criterion': 'entropy', 'n_estimators': 500}",0.8877050566548285,0.8877050566548285,0.0,4
7,40.33431887626648,0.0,1.4022083282470703,0.0,entropy,1000,"{'criterion': 'entropy', 'n_estimators': 1000}",0.8882686289435846,0.8882686289435846,0.0,2
