,mean_fit_time,std_fit_time,mean_score_time,std_score_time,param_criterion,param_n_estimators,params,split0_test_score,mean_test_score,std_test_score,rank_test_score
0,0.4255857467651367,0.0,0.023871898651123047,0.0,gini,10,"{'criterion': 'gini', 'n_estimators': 10}",0.8734155235283905,0.8734155235283905,0.0,8
1,3.988381862640381,0.0,0.1574544906616211,0.0,gini,100,"{'criterion': 'gini', 'n_estimators': 100}",0.8869093068634938,0.8869093068634938,0.0,6
2,18.568854093551636,0.0,0.7756283283233643,0.0,gini,500,"{'criterion': 'gini', 'n_estimators': 500}",0.8883996613039797,0.8883996613039797,0.0,3
3,35.25983214378357,0.0,1.485952615737915,0.0,gini,1000,"{'criterion': 'gini', 'n_estimators': 1000}",0.8881740455430458,0.8881740455430458,0.0,4
4,0.4336254596710205,0.0,0.02987527847290039,0.0,entropy,10,"{'criterion': 'entropy', 'n_estimators': 10}",0.8740062219149672,0.8740062219149672,0.0,7
5,3.9974381923675537,0.0,0.14945602416992188,0.0,entropy,100,"{'criterion': 'entropy', 'n_estimators': 100}",0.8869153345174658,0.8869153345174658,0.0,5
6,19.420984745025635,0.0,0.7156023979187012,0.0,entropy,500,"{'criterion': 'entropy', 'n_estimators': 500}",0.8888701232899848,0.8888701232899848,0.0,1
7,38.73472332954407,0.0,1.4322843551635742,0.0,entropy,1000,"{'criterion': 'entropy', 'n_estimators': 1000}",0.8885135135135135,0.8885135135135135,0.0,2
