,mean_fit_time,std_fit_time,mean_score_time,std_score_time,param_criterion,param_n_estimators,params,split0_test_score,mean_test_score,std_test_score,rank_test_score
0,0.476076602935791,0.0,0.018864870071411133,0.0,gini,10,"{'criterion': 'gini', 'n_estimators': 10}",0.8727967352609186,0.8727967352609186,0.0,8
1,4.640364646911621,0.0,0.1667022705078125,0.0,gini,100,"{'criterion': 'gini', 'n_estimators': 100}",0.8877005347593583,0.8877005347593583,0.0,5
2,21.28679323196411,0.0,0.7904572486877441,0.0,gini,500,"{'criterion': 'gini', 'n_estimators': 500}",0.8902800101514253,0.8902800101514253,0.0,1
3,41.06536555290222,0.0,1.4083890914916992,0.0,gini,1000,"{'criterion': 'gini', 'n_estimators': 1000}",0.8897344833417892,0.8897344833417892,0.0,2
4,0.5089826583862305,0.0,0.023783445358276367,0.0,entropy,10,"{'criterion': 'entropy', 'n_estimators': 10}",0.877056277056277,0.877056277056277,0.0,7
5,4.6004462242126465,0.0,0.14465785026550293,0.0,entropy,100,"{'criterion': 'entropy', 'n_estimators': 100}",0.8863829065626591,0.8863829065626591,0.0,6
6,23.344181060791016,0.0,0.6894867420196533,0.0,entropy,500,"{'criterion': 'entropy', 'n_estimators': 500}",0.8894527615664384,0.8894527615664384,0.0,3
7,44.44731044769287,0.0,1.3746895790100098,0.0,entropy,1000,"{'criterion': 'entropy', 'n_estimators': 1000}",0.8888700804062633,0.8888700804062633,0.0,4
