,mean_fit_time,std_fit_time,mean_score_time,std_score_time,param_criterion,param_n_estimators,params,split0_test_score,mean_test_score,std_test_score,rank_test_score
0,0.4791533946990967,0.0,0.022794723510742188,0.0,gini,10,"{'criterion': 'gini', 'n_estimators': 10}",0.8758363020245026,0.8758363020245026,0.0,8
1,4.3851540088653564,0.0,0.1508328914642334,0.0,gini,100,"{'criterion': 'gini', 'n_estimators': 100}",0.8884928716904278,0.8884928716904278,0.0,4
2,20.972256898880005,0.0,0.7266170978546143,0.0,gini,500,"{'criterion': 'gini', 'n_estimators': 500}",0.8897910851729679,0.8897910851729679,0.0,2
3,42.60040903091431,0.0,1.4563288688659668,0.0,gini,1000,"{'criterion': 'gini', 'n_estimators': 1000}",0.8898097251585624,0.8898097251585624,0.0,1
4,0.5069477558135986,0.0,0.0178678035736084,0.0,entropy,10,"{'criterion': 'entropy', 'n_estimators': 10}",0.8772294372294371,0.8772294372294371,0.0,7
5,4.64975905418396,0.0,0.1453394889831543,0.0,entropy,100,"{'criterion': 'entropy', 'n_estimators': 100}",0.8881367405652395,0.8881367405652395,0.0,5
6,22.395668506622314,0.0,0.7002458572387695,0.0,entropy,500,"{'criterion': 'entropy', 'n_estimators': 500}",0.8874788494077834,0.8874788494077834,0.0,6
7,45.840723276138306,0.0,1.3918333053588867,0.0,entropy,1000,"{'criterion': 'entropy', 'n_estimators': 1000}",0.889264581572274,0.889264581572274,0.0,3
