,mean_fit_time,std_fit_time,mean_score_time,std_score_time,param_criterion,param_n_estimators,params,split0_test_score,mean_test_score,std_test_score,rank_test_score
0,0.531165361404419,0.0,0.009047508239746094,0.0,gini,10,"{'criterion': 'gini', 'n_estimators': 10}",0.8710040717317855,0.8710040717317855,0.0,8
1,4.5646421909332275,0.0,0.16521215438842773,0.0,gini,100,"{'criterion': 'gini', 'n_estimators': 100}",0.8876842283584618,0.8876842283584618,0.0,5
2,21.71237587928772,0.0,0.7420201301574707,0.0,gini,500,"{'criterion': 'gini', 'n_estimators': 500}",0.888964116452268,0.888964116452268,0.0,1
3,41.79125761985779,0.0,1.461118459701538,0.0,gini,1000,"{'criterion': 'gini', 'n_estimators': 1000}",0.8887196411948888,0.8887196411948888,0.0,2
4,0.540212869644165,0.0,0.027783632278442383,0.0,entropy,10,"{'criterion': 'entropy', 'n_estimators': 10}",0.8772931810314988,0.8772931810314988,0.0,7
5,5.058765411376953,0.0,0.1332406997680664,0.0,entropy,100,"{'criterion': 'entropy', 'n_estimators': 100}",0.8870476834629692,0.8870476834629692,0.0,6
6,22.889112949371338,0.0,0.7106125354766846,0.0,entropy,500,"{'criterion': 'entropy', 'n_estimators': 500}",0.8882124133265686,0.8882124133265686,0.0,3
7,44.89597725868225,0.0,1.4093022346496582,0.0,entropy,1000,"{'criterion': 'entropy', 'n_estimators': 1000}",0.8880432944359886,0.8880432944359886,0.0,4
