,mean_fit_time,std_fit_time,mean_score_time,std_score_time,param_criterion,param_n_estimators,params,split0_test_score,mean_test_score,std_test_score,rank_test_score
0,0.11867070198059082,0.0,0.014130353927612305,0.0,gini,10,"{'criterion': 'gini', 'n_estimators': 10}",0.8674304418985269,0.8674304418985269,0.0,1
1,1.1190376281738281,0.0,0.07988357543945312,0.0,gini,100,"{'criterion': 'gini', 'n_estimators': 100}",0.8674304418985269,0.8674304418985269,0.0,1
2,5.564638614654541,0.0,0.39139842987060547,0.0,gini,500,"{'criterion': 'gini', 'n_estimators': 500}",0.8674304418985269,0.8674304418985269,0.0,1
3,10.920732259750366,0.0,0.7378606796264648,0.0,gini,1000,"{'criterion': 'gini', 'n_estimators': 1000}",0.8674304418985269,0.8674304418985269,0.0,1
4,0.12266874313354492,0.0,0.015136241912841797,0.0,entropy,10,"{'criterion': 'entropy', 'n_estimators': 10}",0.8674304418985269,0.8674304418985269,0.0,1
5,1.1131043434143066,0.0,0.08988022804260254,0.0,entropy,100,"{'criterion': 'entropy', 'n_estimators': 100}",0.8674304418985269,0.8674304418985269,0.0,1
6,5.342570543289185,0.0,0.37941575050354004,0.0,entropy,500,"{'criterion': 'entropy', 'n_estimators': 500}",0.8674304418985269,0.8674304418985269,0.0,1
7,10.5491304397583,0.0,0.7571172714233398,0.0,entropy,1000,"{'criterion': 'entropy', 'n_estimators': 1000}",0.8674304418985269,0.8674304418985269,0.0,1
