,mean_fit_time,std_fit_time,mean_score_time,std_score_time,param_criterion,param_n_estimators,params,split0_test_score,mean_test_score,std_test_score,rank_test_score
0,0.47049951553344727,0.0,0.029881000518798828,0.0,gini,10,"{'criterion': 'gini', 'n_estimators': 10}",0.8760259179265658,0.8760259179265658,0.0,7
1,4.433084726333618,0.0,0.16449236869812012,0.0,gini,100,"{'criterion': 'gini', 'n_estimators': 100}",0.8864617729235459,0.8864617729235459,0.0,6
2,21.313487768173218,0.0,0.8807864189147949,0.0,gini,500,"{'criterion': 'gini', 'n_estimators': 500}",0.8873668188736683,0.8873668188736683,0.0,4
3,41.70823287963867,0.0,1.5525124073028564,0.0,gini,1000,"{'criterion': 'gini', 'n_estimators': 1000}",0.8888137884420412,0.8888137884420412,0.0,1
4,0.5231955051422119,0.0,0.00806427001953125,0.0,entropy,10,"{'criterion': 'entropy', 'n_estimators': 10}",0.8750107823686708,0.8750107823686708,0.0,8
5,4.784778594970703,0.0,0.1527249813079834,0.0,entropy,100,"{'criterion': 'entropy', 'n_estimators': 100}",0.8869726942260546,0.8869726942260546,0.0,5
6,23.41266918182373,0.0,0.7277929782867432,0.0,entropy,500,"{'criterion': 'entropy', 'n_estimators': 500}",0.8878386361718288,0.8878386361718288,0.0,3
7,46.2923800945282,0.0,1.482466220855713,0.0,entropy,1000,"{'criterion': 'entropy', 'n_estimators': 1000}",0.8881390248017548,0.8881390248017548,0.0,2
