,mean_fit_time,std_fit_time,mean_score_time,std_score_time,param_criterion,param_n_estimators,params,split0_test_score,mean_test_score,std_test_score,rank_test_score
0,0.5147595405578613,0.0,0.015637874603271484,0.0,gini,10,"{'criterion': 'gini', 'n_estimators': 10}",0.8718081883493466,0.8718081883493466,0.0,8
1,4.551403999328613,0.0,0.1538383960723877,0.0,gini,100,"{'criterion': 'gini', 'n_estimators': 100}",0.8868211808492641,0.8868211808492641,0.0,6
2,21.293814420700073,0.0,0.7874927520751953,0.0,gini,500,"{'criterion': 'gini', 'n_estimators': 500}",0.8877620013522651,0.8877620013522651,0.0,5
3,41.577434062957764,0.0,1.5269193649291992,0.0,gini,1000,"{'criterion': 'gini', 'n_estimators': 1000}",0.8884758364312267,0.8884758364312267,0.0,3
4,0.5713579654693604,0.0,0.004064083099365234,0.0,entropy,10,"{'criterion': 'entropy', 'n_estimators': 10}",0.8741035168063597,0.8741035168063597,0.0,7
5,4.899793386459351,0.0,0.16659879684448242,0.0,entropy,100,"{'criterion': 'entropy', 'n_estimators': 100}",0.8889640591966173,0.8889640591966173,0.0,1
6,23.520857095718384,0.0,0.7322452068328857,0.0,entropy,500,"{'criterion': 'entropy', 'n_estimators': 500}",0.8883261585211447,0.8883261585211447,0.0,4
7,45.264853954315186,0.0,1.468249797821045,0.0,entropy,1000,"{'criterion': 'entropy', 'n_estimators': 1000}",0.8886825892480379,0.8886825892480379,0.0,2
