,mean_fit_time,std_fit_time,mean_score_time,std_score_time,param_criterion,param_n_estimators,params,split0_test_score,mean_test_score,std_test_score,rank_test_score
0,0.5103468894958496,0.0,0.020278453826904297,0.0,gini,10,"{'criterion': 'gini', 'n_estimators': 10}",0.873774616118678,0.873774616118678,0.0,7
1,4.416219234466553,0.0,0.16615056991577148,0.0,gini,100,"{'criterion': 'gini', 'n_estimators': 100}",0.886931481324638,0.886931481324638,0.0,5
2,21.079744815826416,0.0,0.7842428684234619,0.0,gini,500,"{'criterion': 'gini', 'n_estimators': 500}",0.888137312928046,0.888137312928046,0.0,2
3,41.82840943336487,0.0,1.5643596649169922,0.0,gini,1000,"{'criterion': 'gini', 'n_estimators': 1000}",0.8880811496196112,0.8880811496196112,0.0,3
4,0.5356204509735107,0.0,0.009028911590576172,0.0,entropy,10,"{'criterion': 'entropy', 'n_estimators': 10}",0.8727178333477545,0.8727178333477545,0.0,8
5,4.8187761306762695,0.0,0.1719200611114502,0.0,entropy,100,"{'criterion': 'entropy', 'n_estimators': 100}",0.8856538298772747,0.8856538298772747,0.0,6
6,22.664643049240112,0.0,0.73211669921875,0.0,entropy,500,"{'criterion': 'entropy', 'n_estimators': 500}",0.8875,0.8875,0.0,4
7,45.046422481536865,0.0,1.4778969287872314,0.0,entropy,1000,"{'criterion': 'entropy', 'n_estimators': 1000}",0.8886073811333502,0.8886073811333502,0.0,1
