,mean_fit_time,std_fit_time,mean_score_time,std_score_time,param_criterion,param_n_estimators,params,split0_test_score,mean_test_score,std_test_score,rank_test_score
0,0.5402951240539551,0.0,0.014061927795410156,0.0,gini,10,"{'criterion': 'gini', 'n_estimators': 10}",0.8724215635292079,0.8724215635292079,0.0,7
1,4.359471082687378,0.0,0.17908811569213867,0.0,gini,100,"{'criterion': 'gini', 'n_estimators': 100}",0.8868579165608869,0.8868579165608869,0.0,5
2,20.54036545753479,0.0,0.8088228702545166,0.0,gini,500,"{'criterion': 'gini', 'n_estimators': 500}",0.8871049518336995,0.8871049518336995,0.0,4
3,40.32099437713623,0.0,1.5820207595825195,0.0,gini,1000,"{'criterion': 'gini', 'n_estimators': 1000}",0.8877438972886224,0.8877438972886224,0.0,2
4,0.6084616184234619,0.0,0.005101442337036133,0.0,entropy,10,"{'criterion': 'entropy', 'n_estimators': 10}",0.8720083246618106,0.8720083246618106,0.0,8
5,4.628175973892212,0.0,0.163405179977417,0.0,entropy,100,"{'criterion': 'entropy', 'n_estimators': 100}",0.8853346873148853,0.8853346873148853,0.0,6
6,22.316057205200195,0.0,0.755502462387085,0.0,entropy,500,"{'criterion': 'entropy', 'n_estimators': 500}",0.888251665682719,0.888251665682719,0.0,1
7,43.682767152786255,0.0,1.5233840942382812,0.0,entropy,1000,"{'criterion': 'entropy', 'n_estimators': 1000}",0.8872954277037287,0.8872954277037287,0.0,3
