,mean_fit_time,std_fit_time,mean_score_time,std_score_time,param_criterion,param_n_estimators,params,split0_test_score,mean_test_score,std_test_score,rank_test_score
0,0.5385651588439941,0.0,0.02986454963684082,0.0,gini,10,"{'criterion': 'gini', 'n_estimators': 10}",0.8723865706601891,0.8723865706601891,0.0,8
1,5.101121425628662,0.0,0.16471600532531738,0.0,gini,100,"{'criterion': 'gini', 'n_estimators': 100}",0.8894910661359979,0.8894910661359979,0.0,1
2,24.15532875061035,0.0,0.7685210704803467,0.0,gini,500,"{'criterion': 'gini', 'n_estimators': 500}",0.8892273842768893,0.8892273842768893,0.0,2
3,46.691457748413086,0.0,1.5224239826202393,0.0,gini,1000,"{'criterion': 'gini', 'n_estimators': 1000}",0.8884000338438108,0.8884000338438108,0.0,4
4,0.568429708480835,0.0,0.026799917221069336,0.0,entropy,10,"{'criterion': 'entropy', 'n_estimators': 10}",0.8752048296679602,0.8752048296679602,0.0,7
5,5.339669227600098,0.0,0.1493387222290039,0.0,entropy,100,"{'criterion': 'entropy', 'n_estimators': 100}",0.8866119061732577,0.8866119061732577,0.0,6
6,26.765939235687256,0.0,0.7290678024291992,0.0,entropy,500,"{'criterion': 'entropy', 'n_estimators': 500}",0.888212927756654,0.888212927756654,0.0,5
7,50.77509522438049,0.0,1.4355082511901855,0.0,entropy,1000,"{'criterion': 'entropy', 'n_estimators': 1000}",0.8890952059419311,0.8890952059419311,0.0,3
