,mean_fit_time,std_fit_time,mean_score_time,std_score_time,param_criterion,param_n_estimators,params,split0_test_score,mean_test_score,std_test_score,rank_test_score
0,0.20552873611450195,0.0,0.02790999412536621,0.0,gini,10,"{'criterion': 'gini', 'n_estimators': 10}",0.8564481111593573,0.8564481111593573,0.0,7
1,2.062735080718994,0.0,0.13525080680847168,0.0,gini,100,"{'criterion': 'gini', 'n_estimators': 100}",0.8612721765469494,0.8612721765469494,0.0,5
2,9.67170238494873,0.0,0.6585931777954102,0.0,gini,500,"{'criterion': 'gini', 'n_estimators': 500}",0.8617113223854796,0.8617113223854796,0.0,4
3,19.327847480773926,0.0,1.3144593238830566,0.0,gini,1000,"{'criterion': 'gini', 'n_estimators': 1000}",0.8628704743800225,0.8628704743800225,0.0,1
4,0.2254946231842041,0.0,0.01784038543701172,0.0,entropy,10,"{'criterion': 'entropy', 'n_estimators': 10}",0.8556763810352327,0.8556763810352327,0.0,8
5,2.1818490028381348,0.0,0.12600302696228027,0.0,entropy,100,"{'criterion': 'entropy', 'n_estimators': 100}",0.8611711789637574,0.8611711789637574,0.0,6
6,10.32424259185791,0.0,0.6712644100189209,0.0,entropy,500,"{'criterion': 'entropy', 'n_estimators': 500}",0.8620600190262043,0.8620600190262043,0.0,3
7,20.141695022583008,0.0,1.2901031970977783,0.0,entropy,1000,"{'criterion': 'entropy', 'n_estimators': 1000}",0.8627688055963383,0.8627688055963383,0.0,2
