,mean_fit_time,std_fit_time,mean_score_time,std_score_time,param_criterion,param_n_estimators,params,split0_test_score,mean_test_score,std_test_score,rank_test_score
0,0.2581343650817871,0.0,0.018314123153686523,0.0,gini,10,"{'criterion': 'gini', 'n_estimators': 10}",0.8705267740531127,0.8705267740531127,0.0,7
1,2.48769474029541,0.0,0.15660762786865234,0.0,gini,100,"{'criterion': 'gini', 'n_estimators': 100}",0.8819515523712044,0.8819515523712044,0.0,3
2,12.012567520141602,0.0,0.7264246940612793,0.0,gini,500,"{'criterion': 'gini', 'n_estimators': 500}",0.8815408215442304,0.8815408215442304,0.0,4
3,23.967878818511963,0.0,1.4074618816375732,0.0,gini,1000,"{'criterion': 'gini', 'n_estimators': 1000}",0.8806071976803683,0.8806071976803683,0.0,6
4,0.2894918918609619,0.0,0.022765398025512695,0.0,entropy,10,"{'criterion': 'entropy', 'n_estimators': 10}",0.8695727834333942,0.8695727834333942,0.0,8
5,2.861358880996704,0.0,0.17233037948608398,0.0,entropy,100,"{'criterion': 'entropy', 'n_estimators': 100}",0.8832010920569916,0.8832010920569916,0.0,1
6,13.338929414749146,0.0,0.6862914562225342,0.0,entropy,500,"{'criterion': 'entropy', 'n_estimators': 500}",0.881480218281037,0.881480218281037,0.0,5
7,26.436431646347046,0.0,1.3773853778839111,0.0,entropy,1000,"{'criterion': 'entropy', 'n_estimators': 1000}",0.8819716868497357,0.8819716868497357,0.0,2
