,mean_fit_time,std_fit_time,mean_score_time,std_score_time,param_criterion,param_n_estimators,params,split0_test_score,mean_test_score,std_test_score,rank_test_score
0,0.3704395294189453,0.0,0.026839494705200195,0.0,gini,10,"{'criterion': 'gini', 'n_estimators': 10}",0.8707317073170732,0.8707317073170732,0.0,8
1,3.4311904907226562,0.0,0.15118074417114258,0.0,gini,100,"{'criterion': 'gini', 'n_estimators': 100}",0.8830504137166254,0.8830504137166254,0.0,6
2,16.68556571006775,0.0,0.644629716873169,0.0,gini,500,"{'criterion': 'gini', 'n_estimators': 500}",0.8839938765096105,0.8839938765096105,0.0,4
3,33.26618480682373,0.0,1.301009178161621,0.0,gini,1000,"{'criterion': 'gini', 'n_estimators': 1000}",0.883863288556368,0.883863288556368,0.0,5
4,0.4584033489227295,0.0,0.01813340187072754,0.0,entropy,10,"{'criterion': 'entropy', 'n_estimators': 10}",0.8726197721937222,0.8726197721937222,0.0,7
5,3.8058063983917236,0.0,0.11962342262268066,0.0,entropy,100,"{'criterion': 'entropy', 'n_estimators': 100}",0.885390964009189,0.885390964009189,0.0,1
6,18.41044282913208,0.0,0.6313540935516357,0.0,entropy,500,"{'criterion': 'entropy', 'n_estimators': 500}",0.8843930635838151,0.8843930635838151,0.0,2
7,36.57982325553894,0.0,1.2633771896362305,0.0,entropy,1000,"{'criterion': 'entropy', 'n_estimators': 1000}",0.8841872716458492,0.8841872716458492,0.0,3
