,mean_fit_time,std_fit_time,mean_score_time,std_score_time,param_criterion,param_n_estimators,params,split0_test_score,mean_test_score,std_test_score,rank_test_score
0,0.34874486923217773,0.0,0.010073423385620117,0.0,gini,10,"{'criterion': 'gini', 'n_estimators': 10}",0.8725660639777469,0.8725660639777469,0.0,7
1,3.304979085922241,0.0,0.1375739574432373,0.0,gini,100,"{'criterion': 'gini', 'n_estimators': 100}",0.8863346104725415,0.8863346104725415,0.0,4
2,16.27168583869934,0.0,0.6678352355957031,0.0,gini,500,"{'criterion': 'gini', 'n_estimators': 500}",0.8856195254698529,0.8856195254698529,0.0,6
3,31.738656759262085,0.0,1.325129508972168,0.0,gini,1000,"{'criterion': 'gini', 'n_estimators': 1000}",0.8858672558851025,0.8858672558851025,0.0,5
4,0.3888590335845947,0.0,0.024858951568603516,0.0,entropy,10,"{'criterion': 'entropy', 'n_estimators': 10}",0.8704608938547485,0.8704608938547485,0.0,8
5,3.6217124462127686,0.0,0.1371455192565918,0.0,entropy,100,"{'criterion': 'entropy', 'n_estimators': 100}",0.8865592772521947,0.8865592772521947,0.0,2
6,17.99387550354004,0.0,0.6599521636962891,0.0,entropy,500,"{'criterion': 'entropy', 'n_estimators': 500}",0.8868309260832625,0.8868309260832625,0.0,1
7,34.93121099472046,0.0,1.2893962860107422,0.0,entropy,1000,"{'criterion': 'entropy', 'n_estimators': 1000}",0.8865471233109543,0.8865471233109543,0.0,3
