,mean_fit_time,std_fit_time,mean_score_time,std_score_time,param_criterion,param_n_estimators,params,split0_test_score,mean_test_score,std_test_score,rank_test_score
0,0.37392139434814453,0.0,0.019923686981201172,0.0,gini,10,"{'criterion': 'gini', 'n_estimators': 10}",0.8761937836429936,0.8761937836429936,0.0,7
1,3.4373574256896973,0.0,0.14404702186584473,0.0,gini,100,"{'criterion': 'gini', 'n_estimators': 100}",0.8872677920095003,0.8872677920095003,0.0,6
2,16.301995277404785,0.0,0.6932284832000732,0.0,gini,500,"{'criterion': 'gini', 'n_estimators': 500}",0.8895097790195581,0.8895097790195581,0.0,2
3,32.20646333694458,0.0,1.3854658603668213,0.0,gini,1000,"{'criterion': 'gini', 'n_estimators': 1000}",0.8889453191129169,0.8889453191129169,0.0,4
4,0.4039013385772705,0.0,0.02697467803955078,0.0,entropy,10,"{'criterion': 'entropy', 'n_estimators': 10}",0.8758883688680882,0.8758883688680882,0.0,8
5,3.6872594356536865,0.0,0.13877534866333008,0.0,entropy,100,"{'criterion': 'entropy', 'n_estimators': 100}",0.887738650827323,0.887738650827323,0.0,5
6,17.67787003517151,0.0,0.6785213947296143,0.0,entropy,500,"{'criterion': 'entropy', 'n_estimators': 500}",0.8892086330935253,0.8892086330935253,0.0,3
7,35.60237264633179,0.0,1.3291635513305664,0.0,entropy,1000,"{'criterion': 'entropy', 'n_estimators': 1000}",0.8895471857807872,0.8895471857807872,0.0,1
