,mean_fit_time,std_fit_time,mean_score_time,std_score_time,param_criterion,param_n_estimators,params,split0_test_score,mean_test_score,std_test_score,rank_test_score
0,0.39743590354919434,0.0,0.02383875846862793,0.0,gini,10,"{'criterion': 'gini', 'n_estimators': 10}",0.8752166377816291,0.8752166377816291,0.0,8
1,3.507812976837158,0.0,0.1495041847229004,0.0,gini,100,"{'criterion': 'gini', 'n_estimators': 100}",0.889454052221092,0.889454052221092,0.0,5
2,16.32252025604248,0.0,0.6949789524078369,0.0,gini,500,"{'criterion': 'gini', 'n_estimators': 500}",0.8899043750528898,0.8899043750528898,0.0,3
3,32.64444923400879,0.0,1.4365596771240234,0.0,gini,1000,"{'criterion': 'gini', 'n_estimators': 1000}",0.8893404453475574,0.8893404453475574,0.0,6
4,0.39743590354919434,0.0,0.027837514877319336,0.0,entropy,10,"{'criterion': 'entropy', 'n_estimators': 10}",0.876053157300443,0.876053157300443,0.0,7
5,3.623378038406372,0.0,0.14528894424438477,0.0,entropy,100,"{'criterion': 'entropy', 'n_estimators': 100}",0.8897917724733367,0.8897917724733367,0.0,4
6,17.646645069122314,0.0,0.6871280670166016,0.0,entropy,500,"{'criterion': 'entropy', 'n_estimators': 500}",0.8904306624925966,0.8904306624925966,0.0,1
7,35.275615215301514,0.0,1.3884365558624268,0.0,entropy,1000,"{'criterion': 'entropy', 'n_estimators': 1000}",0.8903367744119141,0.8903367744119141,0.0,2
