,mean_fit_time,std_fit_time,mean_score_time,std_score_time,param_criterion,param_n_estimators,params,split0_test_score,mean_test_score,std_test_score,rank_test_score
0,0.5369982719421387,0.0,0.0240023136138916,0.0,gini,10,"{'criterion': 'gini', 'n_estimators': 10}",0.8781073204183096,0.8781073204183096,0.0,8
1,4.531997442245483,0.0,0.15000224113464355,0.0,gini,100,"{'criterion': 'gini', 'n_estimators': 100}",0.8952125878808168,0.8952125878808168,0.0,6
2,21.846938610076904,0.0,0.7220032215118408,0.0,gini,500,"{'criterion': 'gini', 'n_estimators': 500}",0.8968399933121551,0.8968399933121551,0.0,2
3,43.09150695800781,0.0,1.3960471153259277,0.0,gini,1000,"{'criterion': 'gini', 'n_estimators': 1000}",0.8963272120200334,0.8963272120200334,0.0,4
4,0.5489997863769531,0.0,0.020000457763671875,0.0,entropy,10,"{'criterion': 'entropy', 'n_estimators': 10}",0.8799450785205526,0.8799450785205526,0.0,7
5,4.896048545837402,0.0,0.14599847793579102,0.0,entropy,100,"{'criterion': 'entropy', 'n_estimators': 100}",0.8964016736401673,0.8964016736401673,0.0,3
6,23.974939346313477,0.0,0.6810007095336914,0.0,entropy,500,"{'criterion': 'entropy', 'n_estimators': 500}",0.8961028123174496,0.8961028123174496,0.0,5
7,46.36355137825012,0.0,1.3480007648468018,0.0,entropy,1000,"{'criterion': 'entropy', 'n_estimators': 1000}",0.8969029134318391,0.8969029134318391,0.0,1
