,mean_fit_time,std_fit_time,mean_score_time,std_score_time,param_criterion,param_n_estimators,params,split0_test_score,mean_test_score,std_test_score,rank_test_score
0,0.5099964141845703,0.0,0.026001453399658203,0.0,gini,10,"{'criterion': 'gini', 'n_estimators': 10}",0.8794593207288904,0.8794593207288904,0.0,8
1,4.405994892120361,0.0,0.16700100898742676,0.0,gini,100,"{'criterion': 'gini', 'n_estimators': 100}",0.8973651191969887,0.8973651191969887,0.0,3
2,20.20340132713318,0.0,0.7830476760864258,0.0,gini,500,"{'criterion': 'gini', 'n_estimators': 500}",0.8980614973262032,0.8980614973262032,0.0,2
3,39.817771434783936,0.0,1.4780004024505615,0.0,gini,1000,"{'criterion': 'gini', 'n_estimators': 1000}",0.898279605812594,0.898279605812594,0.0,1
4,0.49899721145629883,0.0,0.020000457763671875,0.0,entropy,10,"{'criterion': 'entropy', 'n_estimators': 10}",0.881744335185977,0.881744335185977,0.0,7
5,4.590995788574219,0.0,0.15200042724609375,0.0,entropy,100,"{'criterion': 'entropy', 'n_estimators': 100}",0.8972837442540743,0.8972837442540743,0.0,5
6,21.920494079589844,0.0,0.7228929996490479,0.0,entropy,500,"{'criterion': 'entropy', 'n_estimators': 500}",0.8973523761797377,0.8973523761797377,0.0,4
7,42.759772300720215,0.0,1.4200000762939453,0.0,entropy,1000,"{'criterion': 'entropy', 'n_estimators': 1000}",0.8971214017521902,0.8971214017521902,0.0,6
