,mean_fit_time,std_fit_time,mean_score_time,std_score_time,param_criterion,param_n_estimators,params,split0_test_score,mean_test_score,std_test_score,rank_test_score
0,0.5292668342590332,0.0,0.02300119400024414,0.0,gini,10,"{'criterion': 'gini', 'n_estimators': 10}",0.8792940974899341,0.8792940974899341,0.0,7
1,4.581268310546875,0.0,0.18199777603149414,0.0,gini,100,"{'criterion': 'gini', 'n_estimators': 100}",0.895397489539749,0.895397489539749,0.0,6
2,21.164457321166992,0.0,0.8449978828430176,0.0,gini,500,"{'criterion': 'gini', 'n_estimators': 500}",0.8973460190285427,0.8973460190285427,0.0,3
3,40.738455295562744,0.0,1.4880006313323975,0.0,gini,1000,"{'criterion': 'gini', 'n_estimators': 1000}",0.8967359545871942,0.8967359545871942,0.0,5
4,0.574268102645874,0.0,0.025997638702392578,0.0,entropy,10,"{'criterion': 'entropy', 'n_estimators': 10}",0.8781738907412157,0.8781738907412157,0.0,8
5,4.992265224456787,0.0,0.17200064659118652,0.0,entropy,100,"{'criterion': 'entropy', 'n_estimators': 100}",0.8977168185999832,0.8977168185999832,0.0,1
6,23.05145525932312,0.0,0.7839992046356201,0.0,entropy,500,"{'criterion': 'entropy', 'n_estimators': 500}",0.8974722616167515,0.8974722616167515,0.0,2
7,44.10245418548584,0.0,1.4610023498535156,0.0,entropy,1000,"{'criterion': 'entropy', 'n_estimators': 1000}",0.8972305638972307,0.8972305638972307,0.0,4
