,mean_fit_time,std_fit_time,mean_score_time,std_score_time,param_criterion,param_n_estimators,params,split0_test_score,mean_test_score,std_test_score,rank_test_score
0,0.4220008850097656,0.0,0.025998592376708984,0.0,gini,10,"{'criterion': 'gini', 'n_estimators': 10}",0.8784629899648341,0.8784629899648341,0.0,8
1,3.947997808456421,0.0,0.16900062561035156,0.0,gini,100,"{'criterion': 'gini', 'n_estimators': 100}",0.896298153254784,0.896298153254784,0.0,5
2,19.120513916015625,0.0,0.7820022106170654,0.0,gini,500,"{'criterion': 'gini', 'n_estimators': 500}",0.8971791019863128,0.8971791019863128,0.0,2
3,36.904523849487305,0.0,1.5179994106292725,0.0,gini,1000,"{'criterion': 'gini', 'n_estimators': 1000}",0.8976049403321371,0.8976049403321371,0.0,1
4,0.5399987697601318,0.0,0.01999950408935547,0.0,entropy,10,"{'criterion': 'entropy', 'n_estimators': 10}",0.8794642857142858,0.8794642857142858,0.0,7
5,4.29899787902832,0.0,0.15299749374389648,0.0,entropy,100,"{'criterion': 'entropy', 'n_estimators': 100}",0.8955248849853618,0.8955248849853618,0.0,6
6,21.00150775909424,0.0,0.7449986934661865,0.0,entropy,500,"{'criterion': 'entropy', 'n_estimators': 500}",0.89673006339673,0.89673006339673,0.0,3
7,40.27051663398743,0.0,1.4890007972717285,0.0,entropy,1000,"{'criterion': 'entropy', 'n_estimators': 1000}",0.8966149741537435,0.8966149741537435,0.0,4
