,mean_fit_time,std_fit_time,mean_score_time,std_score_time,param_criterion,param_n_estimators,params,split0_test_score,mean_test_score,std_test_score,rank_test_score
0,0.5239999294281006,0.0,0.0240018367767334,0.0,gini,10,"{'criterion': 'gini', 'n_estimators': 10}",0.8836692859583191,0.8836692859583191,0.0,7
1,4.579998731613159,0.0,0.16099929809570312,0.0,gini,100,"{'criterion': 'gini', 'n_estimators': 100}",0.8950849870216864,0.8950849870216864,0.0,6
2,21.86551547050476,0.0,0.7589988708496094,0.0,gini,500,"{'criterion': 'gini', 'n_estimators': 500}",0.8971337845742459,0.8971337845742459,0.0,5
3,42.72002649307251,0.0,1.4790024757385254,0.0,gini,1000,"{'criterion': 'gini', 'n_estimators': 1000}",0.8976864612043766,0.8976864612043766,0.0,2
4,0.5320017337799072,0.0,0.018997669219970703,0.0,entropy,10,"{'criterion': 'entropy', 'n_estimators': 10}",0.8832608510275433,0.8832608510275433,0.0,8
5,4.9840006828308105,0.0,0.14599895477294922,0.0,entropy,100,"{'criterion': 'entropy', 'n_estimators': 100}",0.8975430386093932,0.8975430386093932,0.0,4
6,23.53650999069214,0.0,0.7200000286102295,0.0,entropy,500,"{'criterion': 'entropy', 'n_estimators': 500}",0.8984225022953007,0.8984225022953007,0.0,1
7,45.72702169418335,0.0,1.403000831604004,0.0,entropy,1000,"{'criterion': 'entropy', 'n_estimators': 1000}",0.8976693676384596,0.8976693676384596,0.0,3
