,mean_fit_time,std_fit_time,mean_score_time,std_score_time,param_criterion,param_n_estimators,params,split0_test_score,mean_test_score,std_test_score,rank_test_score
0,0.5900001525878906,0.0,0.02199578285217285,0.0,gini,10,"{'criterion': 'gini', 'n_estimators': 10}",0.8852878464818763,0.8852878464818763,0.0,7
1,4.700995206832886,0.0,0.1660006046295166,0.0,gini,100,"{'criterion': 'gini', 'n_estimators': 100}",0.8985943775100401,0.8985943775100401,0.0,2
2,22.811156272888184,0.0,0.85500168800354,0.0,gini,500,"{'criterion': 'gini', 'n_estimators': 500}",0.8983885781080404,0.8983885781080404,0.0,3
3,44.67419791221619,0.0,1.4639983177185059,0.0,gini,1000,"{'criterion': 'gini', 'n_estimators': 1000}",0.898647520454166,0.898647520454166,0.0,1
4,0.5670034885406494,0.0,0.021996498107910156,0.0,entropy,10,"{'criterion': 'entropy', 'n_estimators': 10}",0.8811212716861807,0.8811212716861807,0.0,8
5,5.218998670578003,0.0,0.15599989891052246,0.0,entropy,100,"{'criterion': 'entropy', 'n_estimators': 100}",0.8961245500962585,0.8961245500962585,0.0,6
6,24.60915446281433,0.0,0.783001184463501,0.0,entropy,500,"{'criterion': 'entropy', 'n_estimators': 500}",0.8974615898463593,0.8974615898463593,0.0,4
7,48.39084482192993,0.0,1.4370005130767822,0.0,entropy,1000,"{'criterion': 'entropy', 'n_estimators': 1000}",0.8972025052192066,0.8972025052192066,0.0,5
