,mean_fit_time,std_fit_time,mean_score_time,std_score_time,param_criterion,param_n_estimators,params,split0_test_score,mean_test_score,std_test_score,rank_test_score
0,0.5359995365142822,0.0,0.021001100540161133,0.0,gini,10,"{'criterion': 'gini', 'n_estimators': 10}",0.881170331080503,0.881170331080503,0.0,8
1,4.923216819763184,0.0,0.18700194358825684,0.0,gini,100,"{'criterion': 'gini', 'n_estimators': 100}",0.8962059167641651,0.8962059167641651,0.0,6
2,24.057849407196045,0.0,0.8279974460601807,0.0,gini,500,"{'criterion': 'gini', 'n_estimators': 500}",0.8975365344467641,0.8975365344467641,0.0,2
3,45.41169476509094,0.0,1.511171579360962,0.0,gini,1000,"{'criterion': 'gini', 'n_estimators': 1000}",0.8977310643977311,0.8977310643977311,0.0,1
4,0.5720000267028809,0.0,0.019999265670776367,0.0,entropy,10,"{'criterion': 'entropy', 'n_estimators': 10}",0.8821875798619985,0.8821875798619985,0.0,7
5,5.3403236865997314,0.0,0.1815183162689209,0.0,entropy,100,"{'criterion': 'entropy', 'n_estimators': 100}",0.8967527060782682,0.8967527060782682,0.0,5
6,25.911844968795776,0.0,0.7700026035308838,0.0,entropy,500,"{'criterion': 'entropy', 'n_estimators': 500}",0.8969252562286477,0.8969252562286477,0.0,4
7,48.822853803634644,0.0,1.43300199508667,0.0,entropy,1000,"{'criterion': 'entropy', 'n_estimators': 1000}",0.8974593919200333,0.8974593919200333,0.0,3
