,mean_fit_time,std_fit_time,mean_score_time,std_score_time,param_criterion,param_n_estimators,params,split0_test_score,mean_test_score,std_test_score,rank_test_score
0,0.5559961795806885,0.0,0.02700209617614746,0.0,gini,10,"{'criterion': 'gini', 'n_estimators': 10}",0.8841943209031816,0.8841943209031816,0.0,7
1,4.803861379623413,0.0,0.18300890922546387,0.0,gini,100,"{'criterion': 'gini', 'n_estimators': 100}",0.8964309539693129,0.8964309539693129,0.0,6
2,22.799659967422485,0.0,0.782001256942749,0.0,gini,500,"{'criterion': 'gini', 'n_estimators': 500}",0.8973054141987152,0.8973054141987152,0.0,4
3,44.40839242935181,0.0,1.529001235961914,0.0,gini,1000,"{'criterion': 'gini', 'n_estimators': 1000}",0.8968968968968969,0.8968968968968969,0.0,5
4,0.6329958438873291,0.0,0.02000284194946289,0.0,entropy,10,"{'criterion': 'entropy', 'n_estimators': 10}",0.8826643894107601,0.8826643894107601,0.0,8
5,5.2968878746032715,0.0,0.16399884223937988,0.0,entropy,100,"{'criterion': 'entropy', 'n_estimators': 100}",0.8982555713212587,0.8982555713212587,0.0,1
6,24.39638590812683,0.0,0.7229979038238525,0.0,entropy,500,"{'criterion': 'entropy', 'n_estimators': 500}",0.8975577227640243,0.8975577227640243,0.0,3
7,47.45755124092102,0.0,1.445007562637329,0.0,entropy,1000,"{'criterion': 'entropy', 'n_estimators': 1000}",0.8980101573557573,0.8980101573557573,0.0,2
