,mean_fit_time,std_fit_time,mean_score_time,std_score_time,param_criterion,param_n_estimators,params,split0_test_score,mean_test_score,std_test_score,rank_test_score
0,0.15999817848205566,0.0,0.010999917984008789,0.0,gini,10,"{'criterion': 'gini', 'n_estimators': 10}",0.869896923950978,0.869896923950978,0.0,1
1,1.3809058666229248,0.0,0.0839993953704834,0.0,gini,100,"{'criterion': 'gini', 'n_estimators': 100}",0.869896923950978,0.869896923950978,0.0,1
2,5.937577724456787,0.0,0.4160044193267822,0.0,gini,500,"{'criterion': 'gini', 'n_estimators': 500}",0.869896923950978,0.869896923950978,0.0,1
3,11.305690288543701,0.0,0.7540018558502197,0.0,gini,1000,"{'criterion': 'gini', 'n_estimators': 1000}",0.869896923950978,0.869896923950978,0.0,1
4,0.12399554252624512,0.0,0.015000581741333008,0.0,entropy,10,"{'criterion': 'entropy', 'n_estimators': 10}",0.869896923950978,0.869896923950978,0.0,1
5,1.1989026069641113,0.0,0.0859994888305664,0.0,entropy,100,"{'criterion': 'entropy', 'n_estimators': 100}",0.869896923950978,0.869896923950978,0.0,1
6,5.917574167251587,0.0,0.40500307083129883,0.0,entropy,500,"{'criterion': 'entropy', 'n_estimators': 500}",0.869896923950978,0.869896923950978,0.0,1
7,11.254692316055298,0.0,0.7689988613128662,0.0,entropy,1000,"{'criterion': 'entropy', 'n_estimators': 1000}",0.869896923950978,0.869896923950978,0.0,1
