,mean_fit_time,std_fit_time,mean_score_time,std_score_time,param_criterion,param_n_estimators,params,split0_test_score,mean_test_score,std_test_score,rank_test_score
0,0.60599684715271,0.0,0.020000457763671875,0.0,gini,10,"{'criterion': 'gini', 'n_estimators': 10}",0.8777730192719485,0.8777730192719485,0.0,8
1,4.9529969692230225,0.0,0.17799925804138184,0.0,gini,100,"{'criterion': 'gini', 'n_estimators': 100}",0.8958716363028582,0.8958716363028582,0.0,5
2,22.457403898239136,0.0,0.78299880027771,0.0,gini,500,"{'criterion': 'gini', 'n_estimators': 500}",0.8973910144202718,0.8973910144202718,0.0,1
3,43.88445162773132,0.0,1.5379981994628906,0.0,gini,1000,"{'criterion': 'gini', 'n_estimators': 1000}",0.8973739057940808,0.8973739057940808,0.0,2
4,0.6079971790313721,0.0,0.020002126693725586,0.0,entropy,10,"{'criterion': 'entropy', 'n_estimators': 10}",0.8804292284108329,0.8804292284108329,0.0,7
5,5.298996925354004,0.0,0.17800068855285645,0.0,entropy,100,"{'criterion': 'entropy', 'n_estimators': 100}",0.8947807236951809,0.8947807236951809,0.0,6
6,24.129406213760376,0.0,0.753000020980835,0.0,entropy,500,"{'criterion': 'entropy', 'n_estimators': 500}",0.8968677107630788,0.8968677107630788,0.0,4
7,46.88795828819275,0.0,1.4815115928649902,0.0,entropy,1000,"{'criterion': 'entropy', 'n_estimators': 1000}",0.8973206856382093,0.8973206856382093,0.0,3
