,mean_fit_time,std_fit_time,mean_score_time,std_score_time,param_criterion,param_n_estimators,params,split0_test_score,mean_test_score,std_test_score,rank_test_score
0,0.5419964790344238,0.0,0.021003007888793945,0.0,gini,10,"{'criterion': 'gini', 'n_estimators': 10}",0.8787490387080236,0.8787490387080236,0.0,7
1,4.863008737564087,0.0,0.17399978637695312,0.0,gini,100,"{'criterion': 'gini', 'n_estimators': 100}",0.8948953974895397,0.8948953974895397,0.0,5
2,22.789518117904663,0.0,0.8610005378723145,0.0,gini,500,"{'criterion': 'gini', 'n_estimators': 500}",0.8970980653769178,0.8970980653769178,0.0,3
3,45.17457032203674,0.0,1.6450130939483643,0.0,gini,1000,"{'criterion': 'gini', 'n_estimators': 1000}",0.8972990996999,0.8972990996999,0.0,2
4,0.6139974594116211,0.0,0.019999265670776367,0.0,entropy,10,"{'criterion': 'entropy', 'n_estimators': 10}",0.8781196581196581,0.8781196581196581,0.0,8
5,5.117033004760742,0.0,0.15809345245361328,0.0,entropy,100,"{'criterion': 'entropy', 'n_estimators': 100}",0.8944513975803086,0.8944513975803086,0.0,6
6,24.46252131462097,0.0,0.7990005016326904,0.0,entropy,500,"{'criterion': 'entropy', 'n_estimators': 500}",0.8966838860189968,0.8966838860189968,0.0,4
7,48.50524377822876,0.0,1.617002010345459,0.0,entropy,1000,"{'criterion': 'entropy', 'n_estimators': 1000}",0.8978266300274793,0.8978266300274793,0.0,1
