,mean_fit_time,std_fit_time,mean_score_time,std_score_time,param_criterion,param_n_estimators,params,split0_test_score,mean_test_score,std_test_score,rank_test_score
0,0.6209983825683594,0.0,0.021001338958740234,0.0,gini,10,"{'criterion': 'gini', 'n_estimators': 10}",0.8794326241134752,0.8794326241134752,0.0,7
1,4.929998874664307,0.0,0.16599774360656738,0.0,gini,100,"{'criterion': 'gini', 'n_estimators': 100}",0.896419330606794,0.896419330606794,0.0,2
2,22.25843906402588,0.0,0.8239998817443848,0.0,gini,500,"{'criterion': 'gini', 'n_estimators': 500}",0.8974145120934113,0.8974145120934113,0.0,1
3,43.27195596694946,0.0,1.5759999752044678,0.0,gini,1000,"{'criterion': 'gini', 'n_estimators': 1000}",0.8961147240286809,0.8961147240286809,0.0,5
4,0.5580008029937744,0.0,0.026996850967407227,0.0,entropy,10,"{'criterion': 'entropy', 'n_estimators': 10}",0.8794205368555603,0.8794205368555603,0.0,8
5,5.107997417449951,0.0,0.16600298881530762,0.0,entropy,100,"{'criterion': 'entropy', 'n_estimators': 100}",0.8952761809547614,0.8952761809547614,0.0,6
6,24.2914400100708,0.0,0.7640008926391602,0.0,entropy,500,"{'criterion': 'entropy', 'n_estimators': 500}",0.8962185573879727,0.8962185573879727,0.0,4
7,46.693944692611694,0.0,1.5136163234710693,0.0,entropy,1000,"{'criterion': 'entropy', 'n_estimators': 1000}",0.8962531223980016,0.8962531223980016,0.0,3
