,mean_fit_time,std_fit_time,mean_score_time,std_score_time,param_criterion,param_n_estimators,params,split0_test_score,mean_test_score,std_test_score,rank_test_score
0,0.5639984607696533,0.0,0.027000904083251953,0.0,gini,10,"{'criterion': 'gini', 'n_estimators': 10}",0.8759199041588225,0.8759199041588225,0.0,8
1,4.938997983932495,0.0,0.17999958992004395,0.0,gini,100,"{'criterion': 'gini', 'n_estimators': 100}",0.8941825476429287,0.8941825476429287,0.0,6
2,22.271011352539062,0.0,0.8309977054595947,0.0,gini,500,"{'criterion': 'gini', 'n_estimators': 500}",0.8959706348544256,0.8959706348544256,0.0,3
3,43.44706726074219,0.0,1.5980000495910645,0.0,gini,1000,"{'criterion': 'gini', 'n_estimators': 1000}",0.8955572226389932,0.8955572226389932,0.0,4
4,0.630997896194458,0.0,0.020999908447265625,0.0,entropy,10,"{'criterion': 'entropy', 'n_estimators': 10}",0.8759298845660538,0.8759298845660538,0.0,7
5,5.284996747970581,0.0,0.17200279235839844,0.0,entropy,100,"{'criterion': 'entropy', 'n_estimators': 100}",0.8948247078464107,0.8948247078464107,0.0,5
6,24.052009105682373,0.0,0.7850008010864258,0.0,entropy,500,"{'criterion': 'entropy', 'n_estimators': 500}",0.8966608377050544,0.8966608377050544,0.0,1
7,46.5217719078064,0.0,1.5277612209320068,0.0,entropy,1000,"{'criterion': 'entropy', 'n_estimators': 1000}",0.8962586451129072,0.8962586451129072,0.0,2
