,mean_fit_time,std_fit_time,mean_score_time,std_score_time,param_criterion,param_n_estimators,params,split0_test_score,mean_test_score,std_test_score,rank_test_score
0,0.6339981555938721,0.0,0.029003620147705078,0.0,gini,10,"{'criterion': 'gini', 'n_estimators': 10}",0.8795139483142221,0.8795139483142221,0.0,7
1,4.733997583389282,0.0,0.17800045013427734,0.0,gini,100,"{'criterion': 'gini', 'n_estimators': 100}",0.8933010761658463,0.8933010761658463,0.0,6
2,21.80203104019165,0.0,0.8440017700195312,0.0,gini,500,"{'criterion': 'gini', 'n_estimators': 500}",0.8957136912193092,0.8957136912193092,0.0,2
3,42.85529828071594,0.0,1.6550006866455078,0.0,gini,1000,"{'criterion': 'gini', 'n_estimators': 1000}",0.8955,0.8955,0.0,3
4,0.6099991798400879,0.0,0.02100205421447754,0.0,entropy,10,"{'criterion': 'entropy', 'n_estimators': 10}",0.8784838350055741,0.8784838350055741,0.0,8
5,5.2249977588653564,0.0,0.1810016632080078,0.0,entropy,100,"{'criterion': 'entropy', 'n_estimators': 100}",0.8933611691022965,0.8933611691022965,0.0,5
6,23.586032390594482,0.0,0.8392665386199951,0.0,entropy,500,"{'criterion': 'entropy', 'n_estimators': 500}",0.8954602249062891,0.8954602249062891,0.0,4
7,46.28231167793274,0.0,1.5775318145751953,0.0,entropy,1000,"{'criterion': 'entropy', 'n_estimators': 1000}",0.8958454749812672,0.8958454749812672,0.0,1
