,mean_fit_time,std_fit_time,mean_score_time,std_score_time,param_criterion,param_n_estimators,params,split0_test_score,mean_test_score,std_test_score,rank_test_score
0,0.6919994354248047,0.0,0.026002883911132812,0.0,gini,10,"{'criterion': 'gini', 'n_estimators': 10}",0.8826443457464982,0.8826443457464982,0.0,8
1,5.8940699100494385,0.0,0.1790010929107666,0.0,gini,100,"{'criterion': 'gini', 'n_estimators': 100}",0.895467469476501,0.895467469476501,0.0,6
2,27.40492033958435,0.0,0.8740007877349854,0.0,gini,500,"{'criterion': 'gini', 'n_estimators': 500}",0.8976391090347877,0.8976391090347877,0.0,4
3,52.781224966049194,0.0,1.5770015716552734,0.0,gini,1000,"{'criterion': 'gini', 'n_estimators': 1000}",0.8980817347789825,0.8980817347789825,0.0,2
4,0.7609968185424805,0.0,0.02300095558166504,0.0,entropy,10,"{'criterion': 'entropy', 'n_estimators': 10}",0.8838951310861424,0.8838951310861424,0.0,7
5,6.369068384170532,0.0,0.1810004711151123,0.0,entropy,100,"{'criterion': 'entropy', 'n_estimators': 100}",0.8968624833110814,0.8968624833110814,0.0,5
6,29.60392165184021,0.0,0.7960019111633301,0.0,entropy,500,"{'criterion': 'entropy', 'n_estimators': 500}",0.8981358189081226,0.8981358189081226,0.0,1
7,56.17722749710083,0.0,1.4716854095458984,0.0,entropy,1000,"{'criterion': 'entropy', 'n_estimators': 1000}",0.897758520123323,0.897758520123323,0.0,3
