,mean_fit_time,std_fit_time,mean_score_time,std_score_time,param_criterion,param_n_estimators,params,split0_test_score,mean_test_score,std_test_score,rank_test_score
0,0.628917932510376,0.0,0.026186466217041016,0.0,gini,10,"{'criterion': 'gini', 'n_estimators': 10}",0.8790530108080288,0.8790530108080288,0.0,7
1,5.217299699783325,0.0,0.16300010681152344,0.0,gini,100,"{'criterion': 'gini', 'n_estimators': 100}",0.8968227424749163,0.8968227424749163,0.0,3
2,24.415308713912964,0.0,0.837050199508667,0.0,gini,500,"{'criterion': 'gini', 'n_estimators': 500}",0.8974787109701118,0.8974787109701118,0.0,1
3,48.20807600021362,0.0,1.5656120777130127,0.0,gini,1000,"{'criterion': 'gini', 'n_estimators': 1000}",0.8968796929751377,0.8968796929751377,0.0,2
4,0.6420979499816895,0.0,0.02536487579345703,0.0,entropy,10,"{'criterion': 'entropy', 'n_estimators': 10}",0.8787412348212759,0.8787412348212759,0.0,8
5,5.642449378967285,0.0,0.1530015468597412,0.0,entropy,100,"{'criterion': 'entropy', 'n_estimators': 100}",0.8946929238985314,0.8946929238985314,0.0,6
6,26.315940141677856,0.0,0.7523233890533447,0.0,entropy,500,"{'criterion': 'entropy', 'n_estimators': 500}",0.8965804143439553,0.8965804143439553,0.0,5
7,51.40668964385986,0.0,1.4870009422302246,0.0,entropy,1000,"{'criterion': 'entropy', 'n_estimators': 1000}",0.8966033966033966,0.8966033966033966,0.0,4
