,mean_fit_time,std_fit_time,mean_score_time,std_score_time,param_criterion,param_n_estimators,params,split0_test_score,mean_test_score,std_test_score,rank_test_score
0,0.2149958610534668,0.0,0.01800060272216797,0.0,gini,10,"{'criterion': 'gini', 'n_estimators': 10}",0.8620571035431718,0.8620571035431718,0.0,8
1,2.2119970321655273,0.0,0.15799999237060547,0.0,gini,100,"{'criterion': 'gini', 'n_estimators': 100}",0.8679631525076766,0.8679631525076766,0.0,5
2,10.31299614906311,0.0,0.680999755859375,0.0,gini,500,"{'criterion': 'gini', 'n_estimators': 500}",0.8688832054560954,0.8688832054560954,0.0,4
3,19.979010343551636,0.0,1.3479986190795898,0.0,gini,1000,"{'criterion': 'gini', 'n_estimators': 1000}",0.8692543411644535,0.8692543411644535,0.0,3
4,0.22699713706970215,0.0,0.01799774169921875,0.0,entropy,10,"{'criterion': 'entropy', 'n_estimators': 10}",0.8627720898219048,0.8627720898219048,0.0,7
5,2.2950026988983154,0.0,0.14099788665771484,0.0,entropy,100,"{'criterion': 'entropy', 'n_estimators': 100}",0.8676219720232003,0.8676219720232003,0.0,6
6,10.873998880386353,0.0,0.6619992256164551,0.0,entropy,500,"{'criterion': 'entropy', 'n_estimators': 500}",0.8696096812681097,0.8696096812681097,0.0,1
7,21.19800901412964,0.0,1.3199996948242188,0.0,entropy,1000,"{'criterion': 'entropy', 'n_estimators': 1000}",0.869424582907729,0.869424582907729,0.0,2
