,mean_fit_time,std_fit_time,mean_score_time,std_score_time,param_criterion,param_n_estimators,params,split0_test_score,mean_test_score,std_test_score,rank_test_score
0,0.26199841499328613,0.0,0.017999649047851562,0.0,gini,10,"{'criterion': 'gini', 'n_estimators': 10}",0.8727492030671147,0.8727492030671147,0.0,7
1,2.812997817993164,0.0,0.17600154876708984,0.0,gini,100,"{'criterion': 'gini', 'n_estimators': 100}",0.8830795262267344,0.8830795262267344,0.0,1
2,13.18784236907959,0.0,0.7650017738342285,0.0,gini,500,"{'criterion': 'gini', 'n_estimators': 500}",0.881825866441251,0.881825866441251,0.0,5
3,25.70736026763916,0.0,1.4289987087249756,0.0,gini,1000,"{'criterion': 'gini', 'n_estimators': 1000}",0.8824672581326574,0.8824672581326574,0.0,4
4,0.29799747467041016,0.0,0.018000364303588867,0.0,entropy,10,"{'criterion': 'entropy', 'n_estimators': 10}",0.8726114649681529,0.8726114649681529,0.0,8
5,3.135998010635376,0.0,0.15200448036193848,0.0,entropy,100,"{'criterion': 'entropy', 'n_estimators': 100}",0.8809946714031971,0.8809946714031971,0.0,6
6,14.891843318939209,0.0,0.7619988918304443,0.0,entropy,500,"{'criterion': 'entropy', 'n_estimators': 500}",0.8826957182670382,0.8826957182670382,0.0,2
7,28.191956043243408,0.0,1.3882074356079102,0.0,entropy,1000,"{'criterion': 'entropy', 'n_estimators': 1000}",0.8825069684939607,0.8825069684939607,0.0,3
