,mean_fit_time,std_fit_time,mean_score_time,std_score_time,param_criterion,param_n_estimators,params,split0_test_score,mean_test_score,std_test_score,rank_test_score
0,0.5225162506103516,0.0,0.022001266479492188,0.0,gini,10,"{'criterion': 'gini', 'n_estimators': 10}",0.8724152724152724,0.8724152724152724,0.0,7
1,4.3408308029174805,0.0,0.1921100616455078,0.0,gini,100,"{'criterion': 'gini', 'n_estimators': 100}",0.8849303503588012,0.8849303503588012,0.0,6
2,19.400949239730835,0.0,0.7159991264343262,0.0,gini,500,"{'criterion': 'gini', 'n_estimators': 500}",0.8849557522123894,0.8849557522123894,0.0,5
3,36.969311475753784,0.0,1.3120009899139404,0.0,gini,1000,"{'criterion': 'gini', 'n_estimators': 1000}",0.8857985672144963,0.8857985672144963,0.0,3
4,0.5775129795074463,0.0,0.06800007820129395,0.0,entropy,10,"{'criterion': 'entropy', 'n_estimators': 10}",0.8712309939008678,0.8712309939008678,0.0,8
5,4.9169416427612305,0.0,0.14100050926208496,0.0,entropy,100,"{'criterion': 'entropy', 'n_estimators': 100}",0.8853841612549549,0.8853841612549549,0.0,4
6,21.2339768409729,0.0,0.6640021800994873,0.0,entropy,500,"{'criterion': 'entropy', 'n_estimators': 500}",0.886065297879502,0.886065297879502,0.0,2
7,40.025031089782715,0.0,1.3179912567138672,0.0,entropy,1000,"{'criterion': 'entropy', 'n_estimators': 1000}",0.8863273033235171,0.8863273033235171,0.0,1
