,mean_fit_time,std_fit_time,mean_score_time,std_score_time,param_criterion,param_n_estimators,params,split0_test_score,mean_test_score,std_test_score,rank_test_score
0,0.4138667583465576,0.0,0.023997068405151367,0.0,gini,10,"{'criterion': 'gini', 'n_estimators': 10}",0.8764761658477717,0.8764761658477717,0.0,7
1,3.7833824157714844,0.0,0.15900111198425293,0.0,gini,100,"{'criterion': 'gini', 'n_estimators': 100}",0.8891698272229246,0.8891698272229246,0.0,6
2,18.24395251274109,0.0,0.801001787185669,0.0,gini,500,"{'criterion': 'gini', 'n_estimators': 500}",0.8897300025233409,0.8897300025233409,0.0,4
3,35.2234673500061,0.0,1.429001808166504,0.0,gini,1000,"{'criterion': 'gini', 'n_estimators': 1000}",0.890534286916281,0.890534286916281,0.0,2
4,0.4508650302886963,0.0,0.019999265670776367,0.0,entropy,10,"{'criterion': 'entropy', 'n_estimators': 10}",0.8756756756756756,0.8756756756756756,0.0,8
5,4.25038480758667,0.0,0.16099786758422852,0.0,entropy,100,"{'criterion': 'entropy', 'n_estimators': 100}",0.889412556808618,0.889412556808618,0.0,5
6,20.126955032348633,0.0,0.7229983806610107,0.0,entropy,500,"{'criterion': 'entropy', 'n_estimators': 500}",0.8905882352941176,0.8905882352941176,0.0,1
7,39.06246829032898,0.0,1.3250024318695068,0.0,entropy,1000,"{'criterion': 'entropy', 'n_estimators': 1000}",0.8905330418698503,0.8905330418698503,0.0,3
