,mean_fit_time,std_fit_time,mean_score_time,std_score_time,param_criterion,param_n_estimators,params,split0_test_score,mean_test_score,std_test_score,rank_test_score
0,0.4269988536834717,0.0,0.023999929428100586,0.0,gini,10,"{'criterion': 'gini', 'n_estimators': 10}",0.8809196980096088,0.8809196980096088,0.0,8
1,3.714998960494995,0.0,0.16299939155578613,0.0,gini,100,"{'criterion': 'gini', 'n_estimators': 100}",0.8959624727760094,0.8959624727760094,0.0,4
2,17.220970392227173,0.0,0.7330031394958496,0.0,gini,500,"{'criterion': 'gini', 'n_estimators': 500}",0.8967650254952771,0.8967650254952771,0.0,2
3,33.805694580078125,0.0,1.4260149002075195,0.0,gini,1000,"{'criterion': 'gini', 'n_estimators': 1000}",0.8976864612043766,0.8976864612043766,0.0,1
4,0.40199971199035645,0.0,0.017998695373535156,0.0,entropy,10,"{'criterion': 'entropy', 'n_estimators': 10}",0.8814547949905644,0.8814547949905644,0.0,7
5,4.099998235702515,0.0,0.15600109100341797,0.0,entropy,100,"{'criterion': 'entropy', 'n_estimators': 100}",0.894617895706035,0.894617895706035,0.0,6
6,18.726969718933105,0.0,0.699998140335083,0.0,entropy,500,"{'criterion': 'entropy', 'n_estimators': 500}",0.8959585838343355,0.8959585838343355,0.0,5
7,36.787708044052124,0.0,1.3810012340545654,0.0,entropy,1000,"{'criterion': 'entropy', 'n_estimators': 1000}",0.8961255845023379,0.8961255845023379,0.0,3
